Sample_ID,Material_System,Source_Type,Synthesis_Method,Crystal_Structure,F01_Melting_Point_K,F02_Debye_Temperature_K,F03_Cohesive_Energy_eVatom,F04_Formation_Enthalpy_kJmol,F05_Lattice_Param_a_Ang,F06_Gruneisen_Parameter,F07_Band_Gap_eV,F08_DOS_at_Fermi_statesEV,F09_Bader_Charge_Transfer_e,F10_Fermi_Velocity_ms,F11_Valence_Electron_Density,F12_Work_Function_eV,F13_Youngs_Modulus_GPa,F14_Vickers_Hardness_GPa,F15_Fracture_Toughness_MPasm,F16_Compressive_Strength_GPa,F17_Poisson_Ratio,F18_Flexural_Strength_MPa,F19_Thermal_Conductivity_WmK,F20_Thermal_Expansion_1e6K,F21_Specific_Heat_JkgK,F22_Thermal_Diffusivity_m2s,F23_Max_Service_Temp_K,F24_Thermal_Shock_Resistance_Wm,F25_Oxidation_Onset_Temp_K,F26_Parabolic_Rate_Const_kg2m4s,F27_Activation_Energy_Ox_kJmol,F28_Gravimetric_kp_g2cm4s,F29_Oxide_Layer_Stability_Idx,F30_Oxygen_Diffusivity_m2s,F31_Grain_Size_um,F32_Relative_Density_pct,F33_Porosity_pct,F34_Crystallite_Size_nm,F35_Dislocation_Density_1e12_m2,F36_Grain_Boundary_Energy_Jm2,F37_Phase_Stability_Index,F38_Secondary_Phase_vol_pct,F39_Interfacial_Energy_Jm2,F40_CTE_Mismatch_Index,F41_Solid_Solution_Delta,F42_Wettability_Index,F43_Thermal_Merit_Index_Wkg,F44_Toughness_Stiffness_Index,F45_Oxidation_Merit_Score,F46_Bond_Ionicity,F47_Structural_Stability_Index,F48_Creep_Resistance_Param,T1_Flexural_Strength_MPa,T2_Oxidation_Resistance_Score,T3_Thermal_Shock_Cycles
UHTM-001,HfC,experimental,Spark Plasma Sintering,FCC,3977.8,903.6,7.353,-127.137,3.5006,1.2899,0.1025,5.131,0.77,1048538,1.69749234032625E+024,4.5882,489.41,35.751,3.246,304.759,0.2137,1126,44.575,5.0836,268.92,13.036242894,3113.9,19009.8333,1221.5,2.93044282E-12,143.789,1.41809E-10,2.2486,2.45423E-15,5.098,99.458,0.5271,500.85,81018403434.8184,0.8983,1.45927,0,0.7542,0.11411,0.26606,0.4523,0.6518,86.1415,358.7603,0.4839,0.778781,0.94173,1132.7,10,49
UHTM-002,ZrC,experimental,Hot Pressing,FCC,3454.7,838,7.7505,-116.852,3.4463,1.256,0.0914,5.8404,0.8551,937751,9.62117203291809E+023,4.0926,455.4,36.178,3.5005,260.642,0.2017,1073.4,49.907,5.564,297.96,24.671708591,2583.3,21440.769,1160.1,2.98787513E-12,153.282,1.156142E-10,2.0338,2.33452E-15,4.686,99.9,0.1206,372.14,97159986157.8976,0.773,1.63634,0,0.8287,0.04516,0.26767,0.4558,1.4102,75.157,307.4368,0.47839,0.738765,0.81003,1037,10,51
UHTM-003,TaC,experimental,Arc Melting,FCC,3911.8,917.4,8.5923,-126.783,3.4317,1.1842,0.0512,6.7334,0.6302,1013819,2.22481400055058E+024,4.0997,505.32,36.848,3.8651,316.377,0.2028,1151.9,57.074,4.4986,227.59,16.703211707,2958.9,27656.6455,1195.6,2.6720125E-12,153.048,1.214788E-10,2.1343,2.69047E-15,5.056,99.9,0.1,370.06,81002503313.621,0.7985,1.59495,0,0.8025,0.02325,0.13406,0.6301,0.7487,87.4366,346.9318,0.42165,0.801591,1.02231,1088.3,10,57
UHTM-004,HfB2,experimental,Chemical Vapor Deposition,HEX,3593,857.7,5.9239,-94.499,3.4151,0.9323,0.2217,4.7588,0.5098,641772,1.11653858126947E+024,3.6158,462.18,31.259,4.1804,296.102,0.1943,1071.7,43.378,5.1601,236.8,17.123900767,2513.6,19069.3134,1193.8,2.2709298E-12,147.414,1.046409E-10,1.4805,3.13232E-15,5.337,99.9,0.1,349.4,78608399136.6436,0.5783,1.24855,0,0.8863,0.29128,0.10715,0.5,0.6733,86.6776,342.8025,0.50399,0.494041,0.8639,992.6,10,56
UHTM-005,ZrB2,experimental,Reactive Sintering,HEX,3199.4,739.1,5.777,-90.329,3.4605,1.0106,0.202,4.8586,0.5218,629514,5.95446588062558E+023,3.695,413.68,26.97,4.0354,253.339,0.1946,955.4,44.18,5.263,283.29,22.698250849,2341.7,21982.5675,1082.9,1.77140024E-12,143.03,9.44651E-11,1.4835,3.68049E-15,5.106,99.9,0.1,320.11,70253961077.3438,0.5956,1.23613,0,0.8043,0.15049,0.11177,0.5274,1.1825,82.1688,374.0289,0.47768,0.462946,0.57856,958.1,10,47
UHTM-006,TiC,experimental,Pressureless Sintering,FCC,3116,740.7,8.4657,-143.84,3.4881,1.2795,0.1008,5.261,0.8399,851719,7.1749107343691E+023,4.4219,440.02,34.541,3.6526,288.784,0.2074,1067.2,44.984,4.9968,315.16,29.32224892,2381.3,24174.708,1167.7,3.00874804E-12,171.166,1.837823E-10,2.2013,1.73104E-15,5.086,99.735,0.2267,329.53,89045072561.4257,0.8666,1.41835,0,0.8485,0.25083,0.22328,0.4198,1.7052,71.829,247.7718,0.56982,0.611335,0.71166,1031.6,10,45
UHTM-007,NbC,experimental,Tape Casting + Sintering,FCC,3731.7,860,8.2356,-121.125,3.4855,1.275,0.043,5.4505,0.7262,1075794,1.26205606428988E+024,4.3671,517.57,36.494,3.4697,298.529,0.2058,1110.1,47.185,4.795,286.47,21.14533506,2833.8,18911.5281,1252.5,2.74620805E-12,146.007,1.088574E-10,2.2241,2.62379E-15,4.806,97.444,2.6029,396.81,94920838600.8048,0.8726,1.57452,0,0.8934,0.12761,0.15186,0.5005,1.3712,86.6399,325.6842,0.47141,0.784685,0.7788,1167,10,48
UHTM-008,HfN,experimental,Spark Plasma Sintering,FCC,3318.4,806.5,9.0749,-135.038,3.3947,1.3807,0.0434,6.8887,1.0692,1091143,2.1442658328192E+024,4.4224,483.6,39.79,3.4032,272.102,0.2079,1124.3,56.581,5.5752,244.02,15.978134351,2477.3,25160.6936,1249.6,3.78143002E-12,166.565,1.361026E-10,2.3872,1.57781E-15,4.692,99.9,0.1244,398.3,90344227173.2501,0.905,1.42348,0,0.8587,0.09727,0.19394,0.4923,0.7814,73.0603,286.7972,0.48899,0.806459,0.75235,996.6,10,48
UHTM-009,ZrN,experimental,Hot Pressing,FCC,2892.2,753.1,9.195,-131.193,3.5652,1.4138,0.036,5.9912,0.9817,958371,1.18643981949241E+024,4.2487,441.18,39.793,3.4664,241.165,0.2226,1049.8,50.044,5.1785,269.68,27.207862931,2169.1,24487.4997,1158.1,3.78188382E-12,169.213,1.258486E-10,2.6871,1.65072E-15,4.252,99.9,0.1048,275.63,121567154123.988,0.858,1.58481,0,1.0649,0.15113,0.18858,0.4144,1.6048,78.5489,225.9566,0.56013,0.675999,0.62376,1078,10,51
UHTM-010,TaN,experimental,Arc Melting,HEX,3066.8,871.5,9.9905,-153.697,3.3553,1.2776,0,6.5656,0.8252,1239650,3.07154153918982E+024,4.1198,484.14,47.03,3.7,312.215,0.2006,1359.5,54.82,4.55,239.33,14.843008782,2275.4,30725.3649,1193.2,4.24566023E-12,167,1.651335E-10,2.3247,1.74404E-15,5.951,99.9,0.1,527.19,75346378886.2876,0.85,1.67922,0,0.8853,0.01088,0.2537,0.5022,0.7044,73.662,278.8662,0.50233,0.728704,0.81995,1179.8,10,43
UHTM-011,HfC,experimental,Chemical Vapor Deposition,FCC,3977.1,922.7,8.2743,-126.508,3.4232,1.2841,0.0751,6.195,0.7641,913898,1.61559194151383E+024,3.8294,469.44,36.199,3.8359,290.878,0.2045,1039.5,52.572,5.05,239.64,16.247318391,2897.8,24562.0236,1168,2.99073433E-12,165.789,1.402081E-10,2.0824,2.43356E-15,4.415,99.9,0.1,332.76,90453360166.6499,0.7065,1.72457,0,0.8833,0.11468,0.24218,0.4811,0.7748,78.1304,345.79,0.49416,0.780447,0.94567,1077.5,10,48
UHTM-012,ZrC,experimental,Reactive Sintering,FCC,3392.7,850.6,7.5407,-122.16,3.4516,1.2041,0.0861,5.8492,0.6946,949466,9.32161408129796E+023,4.2902,446.34,37.385,3.3662,267.061,0.2024,1065.9,49.973,4.6579,301.06,23.535074075,2615,28773.8777,1139.1,3.15049318E-12,148.271,1.291329E-10,2.0451,2.15119E-15,4.807,99.9,0.1,391.3,87657116264.8861,0.823,1.3696,0,0.9844,0.03252,0.24775,0.4837,1.2853,74.818,325.118,0.53092,0.623392,0.66183,1059.3,10,40
UHTM-013,TaC,experimental,Pressureless Sintering,FCC,3856.4,909.1,7.9311,-123.201,3.5242,1.3269,0.0428,6.3743,0.7008,1161247,2.22751024162414E+024,4.1381,494.42,36.581,3.4487,300.806,0.2137,1092.3,54.382,4.928,254.96,14.227205745,2954.5,22190.4533,1170.9,2.64089996E-12,138.917,1.136956E-10,2.3347,3.3366E-15,4.607,99.9,0.1132,439.86,93352471423.8016,0.8083,1.68626,0,0.7445,0.08449,0.15303,0.5441,0.6913,94.612,387.5867,0.42975,0.85964,0.93353,1178.1,10,59
UHTM-014,HfB2,experimental,Tape Casting + Sintering,HEX,3175.8,816.1,6.2876,-83.52,3.4605,0.9299,0.2358,5.2794,0.5371,743866,1.08070749416713E+024,3.8137,381.71,30.549,4.5393,216.137,0.1996,1008.7,47.559,5.3947,267.68,15.966901043,2443.1,21587.762,994.9,2.18825719E-12,158.269,7.78447E-11,1.5511,3.1151E-15,5.552,99.9,0.1,491.99,69250804095.7992,0.6217,1.31562,0,0.6839,0.01866,0.10081,0.5139,0.8479,82.5258,401.7148,0.50244,0.485357,0.67386,879.8,10,51
UHTM-015,ZrB2,experimental,Spark Plasma Sintering,HEX,3095.4,771.1,6.0082,-99.322,3.5628,1.071,0.1882,4.2683,0.5332,694509,6.84998109651767E+023,3.8094,382.17,28.844,4.2636,257.342,0.2062,936.3,39.44,5.3613,307.18,22.1315758,2370.6,19491.0178,1000.8,1.98966325E-12,149.931,1.164141E-10,1.6405,4.10339E-15,5.006,99.096,0.8796,387.6,96676848782.6604,0.6207,1.33589,0,0.7341,0.39143,0.10325,0.5242,1.1165,87.3381,335.0842,0.46839,0.468546,0.60242,951.3,10,54
UHTM-016,TiC,experimental,Hot Pressing,FCC,3086.9,791.6,7.9027,-132.35,3.4055,1.2648,0.125,6.0157,1.1012,890850,7.03039947378121E+023,4.3686,432.37,38.267,3.3166,261.1,0.1975,1172.4,50.585,6.3154,327.02,31.011333787,2360.2,22191.5909,1147.9,3.57210358E-12,157.59,1.52326E-10,2.016,1.69225E-15,5.48,99.9,0.1479,391.49,76449495700.5973,0.8528,1.63701,0,1.0289,0.12056,0.27671,0.4673,1.7094,65.2094,265.1629,0.50575,0.74225,0.66178,1134.2,10,43
UHTM-017,NbC,experimental,Arc Melting,FCC,3526.1,813.9,9.3748,-126.689,3.4886,1.1627,0.0433,6.1781,0.7351,922120,1.24528937802814E+024,3.9049,454.7,33.759,4.1572,274.315,0.2062,1030.8,52.609,4.8453,252.28,26.344644216,2663.9,25699.7801,1101.2,2.40985798E-12,170.519,1.215753E-10,2.2309,2.18407E-15,4.733,99.9,0.1045,280.86,94549827601.3032,0.7527,1.56353,0,0.7555,0.05225,0.15369,0.4929,1.5564,81.4591,292.1996,0.46158,0.792967,0.79264,1165,10,55
UHTM-018,HfN,experimental,Chemical Vapor Deposition,FCC,3462.3,808.4,9.1929,-149.226,3.4885,1.2914,0.0528,6.2821,0.9095,1013136,2.01160826490661E+024,4.3128,480.05,38.052,3.4653,298.485,0.2195,1155.1,52.163,4.8509,229.41,14.495344926,2575.4,26578.338,1231.1,3.5114646E-12,169.166,1.739347E-10,2.6238,1.38094E-15,5.234,99.9,0.1,382.57,66781062230.7402,0.8753,1.60105,0,0.758,0.08562,0.19519,0.4485,0.7055,80.0063,301.4645,0.53902,0.75586,0.88282,1111.7,10,37
UHTM-019,ZrN,experimental,Reactive Sintering,FCC,2938.1,734.3,9.6789,-147.463,3.4836,1.3044,0.0416,6.902,0.9313,1045411,1.18507142205689E+024,4.8755,434.05,37.476,3.7213,266.695,0.2127,1045.5,56.678,4.95,289.74,28.642060379,2385.7,28441.2782,1135.6,3.42207194E-12,179.887,1.692354E-10,2.4842,1.40971E-15,4.742,99.9,0.1,369.76,102990368652.026,1.0278,1.53451,0,0.9446,0.06298,0.17215,0.4959,1.4957,72.0291,243.9417,0.53159,0.657461,0.62641,1088,10,47
UHTM-020,TaN,experimental,Pressureless Sintering,HEX,2922.9,753.6,9.7729,-144.601,3.4892,1.3536,0,6.9722,0.9075,1106787,2.752200793475E+024,4.0589,437.1,38.388,3.5883,265.199,0.2169,1227.8,57.784,4.9383,217.77,15.068082937,2239.2,29378.7671,1078.5,3.08994743E-12,162.656,1.437613E-10,2.665,1.9586E-15,5.964,99.9,0.1172,420.62,60145613920.0674,0.8332,1.7509,0,0.9606,0.10226,0.20872,0.5496,0.7346,80.237,299.3507,0.45418,0.773648,0.70435,1008.7,10,49
UHTM-021,HfC,experimental,Tape Casting + Sintering,FCC,4073.6,976.4,8.8133,-117.658,3.4005,1.2273,0.0762,5.8412,0.7862,933764,1.76206448224259E+024,4.051,513.36,39.861,4.1809,295.839,0.2017,1117,49.912,5.1749,243.96,16.830054543,2936.3,22744.8062,1280.3,3.48408415E-12,178.66,1.176686E-10,2.0336,2.2332E-15,4.412,99.9,0.1017,347.39,108556542894.213,0.7625,1.72913,0,0.9755,0.02787,0.24356,0.4339,0.9214,79.7887,308.1118,0.5096,0.790431,1.18946,1039.2,10,46
UHTM-022,ZrC,experimental,Spark Plasma Sintering,FCC,3396.7,751.2,8.6913,-125.388,3.5804,1.149,0.1062,6.0805,0.7015,945516,9.82560576905702E+023,3.9792,451.33,31.079,4.1028,277.182,0.2176,1048.5,51.711,4.6964,300.02,26.036841081,2509.4,27972.8283,1152.4,2.30092717E-12,175.746,1.373549E-10,2.3182,1.95669E-15,5.206,99.9,0.1,420.34,86514887031.3072,0.7443,1.54062,0,0.857,0.09211,0.25442,0.4918,1.5184,85.2823,299.4309,0.527,0.631819,0.67675,1075.9,10,58
UHTM-023,TaC,experimental,Hot Pressing,FCC,3770.4,888.5,8.4831,-132.933,3.5826,1.1783,0.0563,5.9704,0.7025,1044539,2.47420508515599E+024,4.1055,487.25,36.025,3.7963,319.862,0.2206,1156.1,51.354,4.9381,233.29,16.650200105,2887,24222.0682,1157.2,2.57635016E-12,150.715,1.348427E-10,2.4612,2.66355E-15,5.36,99.9,0.1138,417.24,91547231419.9183,0.7999,1.69856,0,0.8027,0.07111,0.1365,0.4747,0.6952,99.0094,304.9792,0.44797,0.844917,0.80726,1120.3,10,51
UHTM-024,HfB2,experimental,Arc Melting,HEX,3253.5,750.6,6.1971,-94.453,3.4219,1.0947,0.2166,4.1979,0.5147,678353,1.05978988336995E+024,3.8774,393.75,26.555,4.45,252.146,0.1951,951.5,38.874,5.2027,247.86,13.763721223,2498,17991.8293,1023.9,1.72311151E-12,155.569,1.045305E-10,1.4911,4.26896E-15,5.246,99.848,0.1367,386.96,72329610285.9347,0.6356,1.42441,0,0.8411,0.27514,0.11161,0.5016,0.7172,80.5802,382.9109,0.50456,0.477792,0.71986,987.1,10,54
UHTM-025,ZrB2,experimental,Chemical Vapor Deposition,HEX,3231.7,775.2,6.1007,-95.55,3.4597,1.0705,0.1926,4.1239,0.6108,713025,5.58420323243676E+023,3.7673,409.24,28.568,4.3549,265.105,0.1945,959.7,38.279,6.0292,313.99,16.391852847,2402.7,13065.5672,1068.5,1.95747796E-12,152.692,1.072064E-10,1.4823,4.09995E-15,5.22,97.046,3.784,426.02,58537625623.7033,0.6115,1.38878,0,0.6548,0.28942,0.09266,0.5664,1.1936,81.6618,455.0469,0.48325,0.522394,0.67092,888.9,10,52
UHTM-026,TiC,experimental,Reactive Sintering,FCC,3187.6,810.9,8.7718,-128.139,3.6118,1.2827,0.0974,4.7191,0.968,966133,7.16445923440577E+023,4.6409,449.7,38.991,3.8353,262.923,0.2222,1118.8,40.962,5.6435,349.83,24.012313405,2479.9,18801.4421,1190.6,3.68166125E-12,178.549,1.407981E-10,2.4789,1.73954E-15,4.992,97.36,3.0677,420.55,91304152893.9688,0.9233,1.4379,0,0.9205,0.03716,0.30383,0.415,2.0551,81.7726,276.2258,0.5881,0.687362,0.70359,1155.4,10,55
UHTM-027,NbC,experimental,Pressureless Sintering,FCC,3469.5,834.8,8.2803,-119.765,3.5797,1.2128,0.0504,7.1617,0.6975,989551,1.37559045504215E+024,4.3516,449.6,35.537,3.4967,256.411,0.2169,1087,59.942,4.6322,267.28,31.898855465,2776.9,32717.2845,1090.9,2.62848446E-12,146.968,1.057497E-10,2.4321,2.38008E-15,4.942,99.9,0.1,343.65,107400316358.893,0.8686,1.73105,0,0.8731,0.14351,0.14691,0.4985,1.4009,88.3058,268.1215,0.44291,0.754144,0.76058,1185.5,10,49
UHTM-028,HfN,experimental,Tape Casting + Sintering,FCC,3480.8,782.9,9.4535,-143.094,3.3917,1.3396,0.0485,5.6072,1.0461,1148459,2.37408942333157E+024,4.174,482.08,36.104,3.6026,287.429,0.2076,1109.2,47.246,5.4705,254.76,14.43768918,2544.4,19772.7027,1235.5,3.20901376E-12,174.915,1.575849E-10,2.3796,1.48719E-15,4.823,99.9,0.1192,451.16,106110426851.441,0.8377,1.74426,0,1.0152,0.01406,0.21327,0.4821,0.7712,72.7125,257.4835,0.55559,0.839145,0.84553,1140.9,10,43
UHTM-029,ZrN,experimental,Spark Plasma Sintering,FCC,2894.8,718.3,9.6237,-144.401,3.4486,1.379,0.0596,6.0411,0.9646,1052560,1.16062053055981E+024,3.8451,438.62,36.943,3.6922,263.905,0.2084,1145.4,50.407,5.1007,291.39,24.705699999,2074.4,28127.402,1150.9,3.33937075E-12,178.669,1.610699E-10,2.3973,1.574E-15,5.483,99.9,0.101,433.49,79511050877.2831,0.7486,1.45696,0,0.94,0.03136,0.19882,0.4082,1.5218,69.8749,252.7054,0.57442,0.671105,0.72182,1107.8,10,50
UHTM-030,TaN,experimental,Hot Pressing,HEX,3092.4,787.4,8.8835,-150.823,3.3972,1.239,0,6.5516,0.8901,1177801,2.86187697156778E+024,4.3691,467.5,39.758,3.1317,295.846,0.2057,1276.7,54.719,4.8564,229.3,14.208532585,2403.4,29946.6475,1148.5,3.27314101E-12,144.905,1.583824E-10,2.4311,1.63499E-15,5.919,99.9,0.1128,474.58,66032008782.5403,0.9185,1.57718,0,0.9225,0.02292,0.23721,0.4943,0.6097,75.6974,298.0509,0.49437,0.788912,0.81137,1150.1,10,49
UHTM-031,HfC,experimental,Arc Melting,FCC,3816.1,853.7,7.5173,-112.134,3.3437,1.1716,0.0889,5.7377,0.8065,981170,1.82769764888862E+024,3.9699,460.23,33.466,3.3512,252.769,0.1949,1038.5,49.135,5.2895,254.27,16.606387852,2837.4,21907.6921,1152.4,2.62258044E-12,147.712,1.035976E-10,1.9114,2.03646E-15,4.758,99.9,0.1073,412.99,104129710486.967,0.742,1.67694,0,0.7128,0.1098,0.26555,0.5,0.783,71.0087,303.1871,0.51473,0.789428,0.95892,984.3,10,40
UHTM-032,ZrC,experimental,Chemical Vapor Deposition,FCC,3468.2,808.6,7.1753,-131.868,3.4182,1.0709,0.0726,5.9655,0.7338,954346,9.2194584534712E+023,4.3364,495.8,35.455,3.1323,320.229,0.1984,1006.1,50.847,4.879,302.36,23.5282159,2567.7,19423.6037,1269.9,2.89045785E-12,139.546,1.53861E-10,1.9743,1.68061E-15,4.436,99.9,0.1,364.78,96623964884.4637,0.8347,1.51469,0,0.8431,0.14634,0.28357,0.4587,1.0918,76.1266,330.8498,0.50626,0.623975,0.77435,1158.6,10,44
UHTM-033,TaC,experimental,Reactive Sintering,FCC,3942,893.1,8.4743,-120.54,3.3563,1.2083,0.0491,6.5734,0.6303,1119376,2.37177652042453E+024,3.4654,492.39,34.695,3.7908,293.101,0.1939,1103.9,55.874,4.4993,247.19,16.258727748,2782.5,27787.5381,1161.4,2.42188662E-12,150.527,1.079143E-10,1.971,2.79933E-15,4.819,99.9,0.1,429.62,99029741330.4532,0.636,1.69844,0,0.8601,0.09761,0.13751,0.5419,0.78,79.7075,345.3283,0.47224,0.818608,0.91469,1074.7,10,49
UHTM-034,HfB2,experimental,Pressureless Sintering,HEX,3303.7,785.3,6.122,-86.611,3.394,1.0077,0.3032,4.2901,0.5789,718043,1.16266015802475E+024,4.1299,402.53,28.251,4.3759,236.362,0.1919,1083.3,39.614,5.7549,259.87,14.958397116,2599.1,18266.7707,1045.4,1.92056627E-12,153.329,8.53897E-11,1.4478,3.6597E-15,6.343,99.9,0.1154,524.9,65766415383.4517,0.6911,1.38707,0,0.7095,0.10048,0.10715,0.526,0.7822,79.1032,354.4971,0.46443,0.523827,0.5414,983.7,10,54
UHTM-035,ZrB2,experimental,Tape Casting + Sintering,HEX,3322.3,858,6.3539,-84.021,3.4884,0.9419,0.1679,4.4398,0.5273,679944,6.92586063018008E+023,3.6351,438.04,33.182,4.6049,249.526,0.1977,993.7,40.817,5.3111,301.83,23.61813542,2362.3,17748.617,1143.6,2.4948922E-12,160.251,7.90693E-11,1.5263,3.19905E-15,4.777,99.747,0.2398,354.04,105949054314.429,0.5825,1.43412,0,0.7736,0.02377,0.12763,0.5148,1.4722,86.9945,325.4001,0.47575,0.46777,0.67618,946.1,10,50
UHTM-036,TiC,experimental,Spark Plasma Sintering,FCC,3105.1,797.1,8.2404,-120.619,3.5263,1.368,0.1328,5.7266,0.8746,961591,8.07876892741188E+023,4.4885,420.01,37.992,3.5182,231.153,0.212,1179.8,48.44,5.1716,348.46,32.865814501,2439.4,25531.8818,1111.9,3.53058545E-12,165.734,1.202126E-10,2.2869,1.9652E-15,5.697,99.9,0.1,475.55,93830519049.8439,0.8838,1.56032,0,0.984,0.06916,0.29991,0.4527,2.0288,72.9053,230.2257,0.54451,0.639418,0.75318,1026,10,36
UHTM-037,NbC,experimental,Hot Pressing,FCC,3612.4,771.6,9.4084,-131.186,3.5777,1.121,0.0668,6.0276,0.6719,986163,1.28674105511301E+024,4.0134,483.9,31.099,4.1775,302.288,0.2167,1147.6,51.488,4.4872,266.53,25.382162991,2699.2,26926.4861,1172,2.0827907E-12,171.244,1.318537E-10,2.4277,2.02078E-15,5.659,99.9,0.1,390.62,77188496486.5258,0.7809,1.60791,0,0.8364,0.00162,0.15061,0.5168,1.5002,91.4444,294.4231,0.49971,0.744323,0.94462,1134.8,10,55
UHTM-038,HfN,experimental,Arc Melting,FCC,3081.9,787,8.5093,-144.528,3.3591,1.2131,0.0445,6.9408,0.9885,1065720,2.17870804591842E+024,4.0822,417.91,39.032,3.1054,251.664,0.2035,1070.7,56.961,5.2091,239.26,16.724466574,2336.9,29867.6788,1082.8,3.66370063E-12,154.089,1.614077E-10,2.2974,1.20844E-15,4.632,99.9,0.1064,375.41,95196963807.6168,0.8128,1.66892,0,0.9934,0.02685,0.1724,0.4695,0.6569,65.3612,273.4503,0.55267,0.747531,0.66499,1081.7,10,41
UHTM-039,ZrN,experimental,Chemical Vapor Deposition,FCC,2905.9,728,8.3616,-134.712,3.5463,1.3479,0.0557,6.3916,1.0986,1056712,1.14711129282513E+024,4.2243,424.23,37.067,3.0276,238.121,0.2203,1113.5,52.96,5.7087,292.35,25.511219276,2211.6,23499.056,1110.3,3.35861898E-12,150.83,1.352328E-10,2.6402,1.50556E-15,5.285,99.9,0.1309,421.11,82097135055.9074,0.8513,1.48823,0,0.9045,0.09569,0.17221,0.4537,1.3571,75.6802,258.8118,0.51612,0.751655,0.65877,1161.2,10,41
UHTM-040,TaN,experimental,Reactive Sintering,HEX,3107.9,790.4,9.7129,-133.74,3.4018,1.4029,0,7.0939,0.7772,1161780,2.67447656475277E+024,4.2897,478.49,40.154,3.5575,268.505,0.2062,1257.8,58.67,4.3241,226.7,14.192377196,2369.6,31083.5936,1176.3,3.32611259E-12,161.46,1.182427E-10,2.4429,2.09792E-15,5.964,99.9,0.1,465.24,56505448584.0223,0.8967,1.57909,0,0.9048,0.24249,0.2231,0.5338,0.8003,76.9528,327.2144,0.47527,0.712775,0.75272,1158.4,10,36
UHTM-041,HfC,experimental,Pressureless Sintering,FCC,3940.2,854.5,8.1434,-120.443,3.4327,1.3102,0.0924,5.897,0.7813,933918,1.69577639856514E+024,4.1663,492.87,33.336,3.7521,290.755,0.2056,1072.1,50.332,5.1475,244,16.20358651,2921.4,24246.5734,1233.1,2.6049957E-12,162.664,1.247618E-10,2.1027,2.52599E-15,4.801,99.9,0.1004,378.16,88455631657.3927,0.7917,1.81511,0,0.9334,0.01095,0.25898,0.4633,0.8039,80.8367,325.2438,0.50403,0.775695,0.95349,992,10,52
UHTM-042,ZrC,experimental,Tape Casting + Sintering,FCC,3533.2,824.4,7.9769,-132.723,3.5292,1.1572,0.0959,6.1257,0.8571,834907,9.49287810178792E+023,4.2852,464.79,34.759,3.6455,302.148,0.2116,1076.4,52.051,5.5755,270.75,27.864380735,2687.1,24008.9109,1181.1,2.79675559E-12,158.688,1.560367E-10,2.2097,1.98565E-15,4.967,99.9,0.1212,307.65,86629308718.6799,0.8217,1.57228,0,0.9012,0.25276,0.24342,0.4739,1.261,82.4945,285.6846,0.50155,0.752118,0.85547,1135.7,10,49
UHTM-043,TaC,experimental,Spark Plasma Sintering,FCC,3808.5,890.2,7.702,-119.923,3.3482,1.2564,0.0442,6.2391,0.6563,1023963,2.25589484086724E+024,4.396,484.87,35.648,3.3045,287.147,0.1929,1081.8,53.368,4.6576,229.47,15.752163081,3032.7,22920.8436,1149.2,2.53264707E-12,134.021,1.065734E-10,1.9534,3.01714E-15,4.728,99.9,0.1,353.3,92185294866.4287,0.8744,1.58251,0,0.7911,0.0982,0.13349,0.5128,0.6842,78.3903,342.2549,0.47095,0.815662,0.86281,1081.3,10,47
UHTM-044,HfB2,experimental,Hot Pressing,HEX,3421.2,844.6,5.8837,-81.849,3.4733,0.9678,0.1594,4.0331,0.5571,709815,1.14263852124431E+024,3.5521,421.24,30.927,4.1407,233.747,0.201,955.5,37.551,5.5671,257.38,14.021940995,2460.3,16145.0131,1090.4,2.23229683E-12,146.214,7.37661E-11,1.571,3.38026E-15,4.583,98.307,1.8081,370.71,103484309316.646,0.5643,1.31074,0,0.7838,0.02283,0.12173,0.4988,0.7927,87.8061,360.4441,0.46571,0.515335,0.74381,1029.3,10,60
UHTM-045,ZrB2,experimental,Arc Melting,HEX,3115.7,744.1,5.5245,-87.413,3.5024,0.96,0.174,4.6439,0.4998,712653,6.30673898103679E+023,4.3004,387.49,27.283,3.7862,229.638,0.1993,905.5,42.455,5.0745,313.85,21.116172672,2524.8,18764.2421,1014.5,1.80784033E-12,135.495,8.7346E-11,1.5478,3.32561E-15,4.754,99.9,0.1,387.61,88542298916.7721,0.7284,1.18602,0,0.814,0.10026,0.11401,0.4716,1.154,82.9757,382.7056,0.54022,0.448074,0.69466,934.9,10,56
UHTM-046,TiC,experimental,Chemical Vapor Deposition,FCC,3120.5,764.5,8.4849,-129.707,3.5444,1.3163,0.0755,5.3082,0.927,883143,7.49712104567349E+023,4.3269,430.57,35.865,3.6641,254.818,0.2141,1007.7,45.334,5.4362,324.68,30.226558559,2382,19927.8191,1140.7,3.2090586E-12,171.63,1.45091E-10,2.3276,1.82827E-15,4.335,99.9,0.1064,304.01,123226274536.136,0.842,1.42017,0,0.7942,0.06892,0.25444,0.4098,1.9348,75.129,239.2216,0.57856,0.663095,0.67489,990.5,10,55
UHTM-047,NbC,experimental,Reactive Sintering,FCC,3516.8,816.6,8.8595,-109.01,3.4902,1.2574,0.0503,5.8899,0.7106,1139233,1.26199306558927E+024,3.7938,465.99,34.391,3.8462,241.895,0.2064,1085.8,50.461,4.7066,300.59,21.550380146,2590.3,25570.6328,1130.8,2.48765517E-12,159.431,8.11648E-11,2.2343,2.55474E-15,5.02,99.9,0.1,462.62,88903983488.6742,0.7239,1.5699,0,0.9397,0.31644,0.14272,0.539,1.7292,82.5895,340.7562,0.49626,0.764028,0.89023,1092.9,10,43
UHTM-048,HfN,experimental,Pressureless Sintering,FCC,3429.5,782.8,8.7105,-143.609,3.5958,1.2042,0.0423,6.4385,1.0262,1003796,2.23456041010313E+024,3.9844,494.15,37.087,3.2113,295.684,0.2328,1061.6,53.302,5.3805,227.66,16.955956679,2418.3,20883.2514,1271.8,3.36166074E-12,158.526,1.589575E-10,2.8945,1.18874E-15,4.724,99.9,0.1148,338.62,97311998670.0458,0.7863,1.50062,0,0.9536,0.01764,0.17964,0.4644,0.6845,89.547,251.5866,0.52982,0.798295,1.04564,1251.2,10,52
UHTM-049,ZrN,experimental,Tape Casting + Sintering,FCC,3018.2,802.6,8.9052,-142.337,3.4335,1.4478,0.0523,6.7592,1.0398,1120413,1.12974933432538E+024,4.2809,462.72,42.689,3.3139,274.426,0.2066,1194.7,55.638,5.4419,307.03,25.056236684,2235.4,24743.1681,1210.3,4.23161001E-12,162.82,1.555661E-10,2.3597,1.72583E-15,5.066,99.9,0.1178,452.44,84822467298.6158,0.8667,1.55774,0,1.0134,0.00295,0.18604,0.4827,1.3897,70.6428,278.5529,0.53831,0.724756,0.72696,1209.8,10,40
UHTM-050,TaN,experimental,Spark Plasma Sintering,HEX,2981.3,775.9,9.2242,-147.978,3.3801,1.4293,0,6.7114,0.9923,1206625,2.95676647332211E+024,4.3478,431.86,39.128,3.3066,268.137,0.2036,1026.9,55.883,5.3378,233.97,14.789467728,2381.8,23519.0395,1061.9,3.18897519E-12,151.704,1.516963E-10,2.3878,2.1724E-15,4.179,99.9,0.1388,351.45,118877871051.588,0.9127,1.78079,0,1.0081,0.04568,0.21079,0.5016,0.6585,71.4602,289.2188,0.44817,0.844421,0.72542,1102.1,10,46
UHTM-051,HfC-SiC,experimental,Hot Pressing,FCC,3814.2,824.6,7.965,-133.825,3.3933,1.1453,0.1066,5.7384,0.8116,904684,1.82927663156841E+024,4.1083,479.23,32.352,3.6378,314.117,0.2009,1087.8,49.14,5.3188,237.64,17.788575775,2831.3,19434.699,1203.7,2.47248558E-12,158.402,1.588437E-10,2.018,1.94362E-15,5.229,99.9,0.1087,385.85,90543799796.8978,0.777,1.54361,13.77,0.7923,0.22592,0.24622,0.4937,0.6874,76.4981,282.1327,0.50636,0.778096,0.90109,1127.6,10,45
UHTM-052,ZrB2-SiC,experimental,Arc Melting,FCC,3370.4,839.2,8.3716,-129.4,3.4435,1.2183,0.1167,6.3626,0.7978,1041429,9.27102338267513E+023,4.5154,447.09,36.928,3.8981,283.362,0.2014,1145.1,53.831,5.2405,325.4,23.302263815,2662.9,24559.23,1142.4,3.08890008E-12,168.112,1.475744E-10,2.028,2.20117E-15,5.524,99.9,0.1049,536.03,70350995259.6302,0.8799,1.66492,17.44,0.8395,0.15059,0.23029,0.4985,1.3895,74.2544,353.8691,0.53284,0.688657,0.80832,1110.5,10,49
UHTM-053,HfB2-SiC,experimental,Chemical Vapor Deposition,FCC,3815.1,954.8,8.1666,-119.867,3.3814,1.215,0.0301,6.2685,0.669,982992,2.24037036707041E+024,3.5878,473.13,39.006,3.597,280.059,0.1968,1030.9,53.588,4.7346,221.86,16.223779006,2774.3,24529.8538,1119.2,2.92253028E-12,143.951,1.064507E-10,2.0254,2.82972E-15,3.954,99.9,0.1029,270.99,118832312578.996,0.6673,1.74145,13.35,0.8108,0.12623,0.13065,0.5682,0.7451,80.2901,334.9208,0.47807,0.826279,0.98115,1136.3,10,49
UHTM-054,TaC-HfC,experimental,Reactive Sintering,HEX,3550.4,860.2,6.0589,-83.604,3.5289,0.9852,0.215,5.4366,0.5267,744811,1.11677873416836E+024,3.9172,443.46,31.221,4.3137,251.355,0.2074,1047.1,48.821,5.3052,267.96,17.035583571,2629.7,20486.0528,1144.3,2.2665463E-12,151.446,7.80495E-11,1.6573,3.50218E-15,5.306,99.9,0.1,471.27,79340767415.3785,0.6444,1.44482,17.05,0.7217,0.01996,0.10316,0.4711,0.8047,95.0467,388.1657,0.47232,0.508374,0.82495,971.3,10,58
UHTM-055,ZrC-TiC,experimental,Pressureless Sintering,HEX,3329,741.3,5.7533,-99.887,3.59,0.938,0.2491,4.7036,0.5528,748260,6.1345968881066E+023,3.6254,442.14,26.72,4.012,299.42,0.2093,1025.7,42.935,5.5301,326.94,19.822454394,2354.4,18993.6342,1154.7,1.7422888E-12,142.323,1.177923E-10,1.6821,3.1717E-15,5.768,99.9,0.1051,516.88,62465260010.75,0.5804,1.26431,20.11,0.8769,0.39092,0.08269,0.5052,1.0436,96.3252,415.0644,0.49086,0.489541,0.66228,984.1,10,57
UHTM-056,HfC-TaC,experimental,Tape Casting + Sintering,FCC,3095.3,741.2,7.8845,-131.889,3.4698,1.1996,0.0758,4.8112,0.8814,903306,6.80839623011326E+023,4.3938,462.11,35.537,3.3057,278.086,0.2052,1028.4,41.645,5.2061,330.8,24.281261528,2303.9,19920.842,1231.7,3.15934555E-12,157.151,1.510659E-10,2.1601,1.51977E-15,4.417,98.114,1.8028,324.89,98914244592.8115,0.8593,1.50725,16.15,0.8849,0.09707,0.32599,0.4558,1.7109,72.2325,280.988,0.55135,0.61102,0.70303,1144,10,54
UHTM-057,ZrB2-ZrC,experimental,Spark Plasma Sintering,FCC,3543.8,883.2,8.6534,-126.088,3.4123,1.2081,0.0667,6.5206,0.7285,1147286,1.23193093910021E+024,4.2234,459.07,38.091,3.7219,275.631,0.1972,1216.7,55.163,4.8081,302.38,22.749526365,2775.1,28997.769,1111.5,2.94257521E-12,154.998,1.202006E-10,2.0624,2.36201E-15,5.583,99.9,0.1025,521.3,72190082734.5278,0.8353,1.52525,16.06,0.8218,0.06457,0.15654,0.5297,1.4014,75.6654,355.8584,0.43775,0.789659,0.98045,1075.7,10,46
UHTM-058,HfB2-MoSi2,experimental,Hot Pressing,FCC,3351.1,783,8.6669,-143.826,3.4598,1.4236,0.0542,6.3375,1.0485,1042938,2.33333922262007E+024,4.2207,462.62,36.961,3.1884,277.234,0.216,1135.4,52.566,5.4816,235,17.059774035,2497.1,23986.9665,1189.9,3.34211651E-12,157.565,1.595368E-10,2.5515,1.67239E-15,5.154,99.9,0.1198,399.96,92932156037.6332,0.8504,1.74324,17.86,0.996,0.02024,0.18622,0.3908,0.6784,76.3753,243.0175,0.55841,0.820394,0.82767,1191.2,10,44
UHTM-059,TiC-TiB2,experimental,Arc Melting,FCC,2997.6,759.9,8.887,-145.426,3.4394,1.3734,0.0429,6.7846,0.8924,1077164,1.16365863456325E+024,3.6534,461.64,39.628,3.3043,279.726,0.2073,1103,55.822,4.7732,297.06,26.921807109,2058.9,29061.1147,1208.6,3.75626558E-12,162.419,1.638032E-10,2.3745,1.5617E-15,4.728,99.9,0.1,391.31,99836779247.4259,0.6967,1.48294,22.36,0.8858,0.04711,0.19229,0.4628,1.3504,71.0023,257.096,0.52274,0.643399,0.74638,1133.1,10,47
UHTM-060,NbC-HfC,experimental,Chemical Vapor Deposition,HEX,3222.3,798.1,9.1566,-141.968,3.4597,1.2906,0,7.0608,0.907,1194846,2.96239963999762E+024,4.1692,499.66,39.975,3.272,297.634,0.2133,1174.7,58.429,4.936,232.06,15.626313864,2384.6,28879.3794,1225,3.30226825E-12,150.357,1.375747E-10,2.5899,1.78085E-15,4.838,99.9,0.1171,399.11,95798198591.0541,0.8635,1.70278,20.07,0.8909,0.1441,0.19757,0.5974,0.6848,83.3696,286.901,0.47804,0.812573,0.79217,1125.5,10,46
UHTM-061,HfC-SiC,experimental,Reactive Sintering,FCC,3923.7,861.1,8.7749,-118.986,3.45,1.2451,0.1112,5.538,0.8519,933592,1.83154287699684E+024,4.2485,467,33.053,4.1564,272.166,0.2077,1098.6,47.634,5.5462,243.92,16.823830462,3010.2,20326.4599,1164.5,2.56696827E-12,177.743,1.210509E-10,2.14,2.29595E-15,5.395,99.9,0.1198,424.63,86595413954.4958,0.8124,1.58019,4.6,0.9126,0.01081,0.29073,0.4679,0.9036,80.0823,291.176,0.50825,0.842621,0.99959,1122.1,10,55
UHTM-062,ZrB2-SiC,experimental,Pressureless Sintering,FCC,3502.9,825.4,8.0041,-119.15,3.3766,0.9866,0.1015,5.0515,0.7736,986963,9.62463512621319E+023,4.2404,456.36,34.875,3.6629,266.331,0.1935,1007,43.978,5.1036,310.99,20.839224788,2669,20143.8804,1159.9,2.812376E-12,159.336,1.21469E-10,1.8861,1.38306E-15,5.201,97.9,2.0628,456.58,83144672340.3133,0.8104,1.45815,5.9,0.8663,0.00863,0.29486,0.4555,1.4412,69.774,321.4121,0.49948,0.697477,0.8177,1066.6,10,45
UHTM-063,HfB2-SiC,experimental,Tape Casting + Sintering,FCC,3838.6,773.6,8.2895,-121.301,3.5311,1.2613,0.0554,6.0472,0.562,1109233,2.36182754356726E+024,4.2214,464.8,27.871,3.6744,278.425,0.2145,1031.9,51.929,4.0842,245.31,15.150397873,3053.3,29315.4798,1097,1.62946266E-12,146.577,1.095677E-10,2.3496,3.0396E-15,5.06,99.9,0.1,443.38,91276074103.8858,0.8296,1.67936,5.01,0.8238,0.08983,0.13365,0.5654,0.7504,92.3205,344.4608,0.44882,0.752811,0.8651,1043,10,51
UHTM-064,TaC-HfC,experimental,Spark Plasma Sintering,HEX,3233.7,764.3,5.9732,-86.095,3.5708,0.8687,0.1632,4.1938,0.517,631827,1.12814732660873E+024,3.6681,397.25,27.593,4.2291,231.873,0.2122,857.5,38.841,5.2223,233.79,15.724391924,2404.9,14465.3146,1034.8,1.84397961E-12,148.887,8.4131E-11,1.7223,2.687E-15,4.708,98.447,1.4116,297.64,96868134102.4461,0.5897,1.23148,7.16,0.7374,0.08154,0.11684,0.5109,0.7614,93.4861,331.1404,0.49461,0.467606,0.71416,913.2,10,55
UHTM-065,ZrC-TiC,experimental,Hot Pressing,HEX,3304.3,779.8,5.8768,-85.346,3.448,0.9489,0.2068,4.291,0.589,761125,6.66446706222356E+023,4.08,437.13,28.954,4.1339,252.927,0.1931,997.7,39.622,5.8418,331.67,19.928343356,2488.4,16556.8067,1142.2,2.00254477E-12,146.009,8.23013E-11,1.4644,3.24826E-15,5.267,99.041,1.1456,487.34,84916849029.8021,0.6801,1.37448,7.43,0.6767,0.06021,0.10951,0.5417,1.2968,83.378,376.0612,0.4907,0.511052,0.64933,992.7,10,54
UHTM-066,HfC-TaC,experimental,Arc Melting,FCC,3145.1,721.4,8.1193,-132.2,3.4826,1.166,0.0717,5.8637,0.8986,847295,6.89234398689419E+023,4.6077,472.49,33.86,3.4459,285,0.2067,1000.8,49.457,5.2927,313.82,30.84909571,2378.7,21197.6104,1258,2.90583832E-12,162.812,1.519157E-10,2.1889,1.43089E-15,4.307,99.9,0.1,275.8,105369451359.023,0.9147,1.33003,7.15,0.9744,0.1196,0.25006,0.4053,1.7784,74.0139,261.7559,0.53532,0.620301,0.68781,1092.8,10,46
UHTM-067,ZrB2-ZrC,experimental,Chemical Vapor Deposition,FCC,3518.4,882.6,8.9672,-124.394,3.4899,1.116,0.0489,6.9716,0.6696,1124421,1.10809307612992E+024,3.5821,474.23,38.867,3.9112,280.908,0.2063,1137.9,58.525,4.4746,297.29,21.573215295,2501.6,29468.158,1152,3.03803276E-12,161.749,1.163283E-10,2.2338,2.00118E-15,4.877,99.9,0.1,438.54,70194399768.3574,0.669,1.64953,6.99,0.9807,0.0856,0.13926,0.5565,1.4968,83.2969,408.7283,0.47811,0.727159,0.89689,1160.6,10,47
UHTM-068,HfB2-MoSi2,experimental,Reactive Sintering,FCC,3389.5,752.7,9.4862,-154.829,3.4504,1.4226,0.041,6.3442,0.9261,1130402,2.22059027525082E+024,4.413,491.39,35.288,3.6198,317.006,0.2148,1064.7,52.615,4.9261,251.38,15.044833066,2516,23211.4808,1266.7,3.0822694E-12,175.636,1.888767E-10,2.5278,1.67029E-15,4.409,99.9,0.1,400.44,106552041736.169,0.9025,1.45681,7.37,0.9814,0.15542,0.19403,0.4765,0.7054,77.9842,280.1213,0.58722,0.739313,0.86657,1003.7,10,53
UHTM-069,TiC-TiB2,experimental,Pressureless Sintering,FCC,2954.5,727,8.8976,-124.913,3.5236,1.2927,0.0426,5.5616,1.0165,989515,1.23028700270808E+024,4.199,460.51,37.581,3.3098,239.683,0.2176,1076.8,46.914,5.3362,276.86,25.939959396,2166.7,21680.2969,1208.1,3.43837158E-12,162.653,1.091014E-10,2.5839,1.38379E-15,4.635,99.491,0.5733,322.24,114480715932.276,0.8445,1.57761,9.72,0.9977,0.22346,0.18502,0.4531,1.6276,77.1676,219.6275,0.54617,0.697732,0.61606,1055.2,10,44
UHTM-070,NbC-HfC,experimental,Tape Casting + Sintering,HEX,3099.8,775.1,9.4596,-150.804,3.5538,1.3474,0,6.9383,0.8721,1147472,3.06987579950884E+024,4.0998,460.27,38.5,3.4275,291.234,0.2247,1198.5,57.537,4.7716,224.37,16.606261445,2349.5,30872.0301,1129.4,3.10492428E-12,156.403,1.583373E-10,2.829,1.94123E-15,5.669,99.9,0.1082,431.19,80941549875.7959,0.8445,1.6797,11.25,0.971,0.02473,0.21419,0.5295,0.6674,87.4028,262.8457,0.5068,0.784728,0.8088,1181.1,10,52
UHTM-071,HfC-SiC,experimental,Spark Plasma Sintering,FCC,3946,938.8,7.8801,-130.132,3.4239,1.1866,0.1218,6.1361,0.767,878737,1.84160051504649E+024,4.2264,485.32,38.027,3.5835,309.336,0.2045,1205.5,52.129,5.0663,232,19.484612525,2968.9,27750.5945,1212.4,3.23698451E-12,156.376,1.494389E-10,2.0839,2.08953E-15,5.449,99.9,0.1,378.06,86216425398.8195,0.8068,1.56885,9.04,0.7996,0.1539,0.25413,0.5146,0.6999,79.4973,274.2445,0.48385,0.7723,0.99688,1135.3,10,50
UHTM-072,ZrB2-SiC,experimental,Hot Pressing,FCC,3411.8,750.8,7.0704,-109.8,3.4266,1.2241,0.1122,5.3268,0.76,929040,1.02901795025584E+024,4.019,487.19,31.985,3.0651,262.01,0.1994,1104.7,46.047,5.0269,295.66,24.857985956,2446.2,24698.917,1249.7,2.42298045E-12,137.04,9.76551E-11,1.9921,2.22165E-15,5.31,99.9,0.1,413.86,91822355847.1698,0.7544,1.53284,11.22,1.0112,0.13675,0.25434,0.5093,1.3322,76.1424,274.7175,0.5241,0.648397,0.73395,1044,10,40
UHTM-073,HfB2-SiC,experimental,Arc Melting,FCC,3897.4,926.2,7.9392,-119.418,3.3306,1.1854,0.0391,6.0841,0.6419,1039254,2.32686920876106E+024,3.7707,490.13,37.015,3.4538,289.038,0.1909,1072.8,52.206,4.57,232.31,15.798545818,2865.9,23431.8848,1157.9,2.69132682E-12,139.091,1.054765E-10,1.9153,2.69598E-15,4.371,99.9,0.1,336.74,110403315273.066,0.7142,1.70307,7.56,0.8434,0.13587,0.13255,0.5069,0.7187,77.2777,332.7659,0.42434,0.820341,0.88846,1057.7,10,49
UHTM-074,TaC-HfC,experimental,Chemical Vapor Deposition,HEX,3399.6,794.8,6.3139,-86.856,3.3966,0.8953,0.1873,4.5053,0.5051,738903,1.1451878006099E+024,3.928,454.86,29.418,4.5653,267.847,0.1922,955.7,41.342,5.12,266.18,14.967422209,2474.8,15091.5684,1185.9,2.05653552E-12,159.056,8.59884E-11,1.4517,2.87312E-15,5.1,99.528,0.4067,446.16,88541441636.985,0.6468,1.25205,10.49,0.8705,0.09624,0.09884,0.5287,0.8133,84.3175,369.2101,0.46308,0.459315,0.78447,945.9,10,46
UHTM-075,ZrC-TiC,experimental,Reactive Sintering,HEX,3107.1,760.7,6.3961,-82.272,3.4885,1.028,0.2485,4.2174,0.6011,761378,6.37407899766746E+023,3.6643,365.99,27.669,4.6464,204.14,0.1977,979.3,39.031,5.9453,331.76,18.602180234,2379,17993.5719,955,1.85278881E-12,161.509,7.47989E-11,1.5265,3.80195E-15,5.722,99.314,0.8528,529.76,68543391319.9115,0.5889,1.27019,11.94,0.7248,0.01028,0.1018,0.4977,1.524,79.5271,399.9749,0.48152,0.523063,0.58612,830,10,56
UHTM-076,HfC-TaC,experimental,Pressureless Sintering,FCC,3228,790.7,8.1078,-126.386,3.6358,1.213,0.1028,5.8904,0.8797,1019992,6.98700677902464E+023,4.0199,465.4,37.615,3.439,268.382,0.2251,1130.2,49.656,5.1975,366.16,26.985980542,2304.3,24538.8002,1232.4,3.47354068E-12,162.535,1.359993E-10,2.5326,1.55505E-15,5.062,99.9,0.1,472.78,85030743758.4783,0.7625,1.29433,10.79,1.0882,0.01794,0.25123,0.4467,1.8737,84.9912,300.4381,0.58866,0.640624,0.75141,1116.4,10,47
UHTM-077,ZrB2-ZrC,experimental,Tape Casting + Sintering,FCC,3557.2,839.3,8.9508,-119.003,3.4342,1.097,0.0732,6.0905,0.7813,1023109,1.30083454377941E+024,4.1735,479.12,35.823,3.9013,271.507,0.1998,1230.7,51.956,5.1076,274.75,25.172155312,2717.5,25645.9007,1162.6,2.66368482E-12,161.397,1.040077E-10,2.1107,1.92672E-15,6.102,99.9,0.1183,455.21,70433006726.0963,0.8224,1.69163,11.17,0.9133,0.18671,0.15526,0.5321,1.5751,79.1086,298.2129,0.49294,0.818526,0.85781,1078.4,10,50
UHTM-078,HfB2-MoSi2,experimental,Spark Plasma Sintering,FCC,3384.4,791.3,9.2822,-156.616,3.4429,1.2958,0.0539,6.3564,1.0622,1045532,2.37017020238673E+024,4.0315,464.15,37.21,3.5124,302.888,0.2139,1138.3,52.704,5.5437,235.48,17.389756068,2465.6,26025.7719,1192.1,3.38076334E-12,171.137,1.936436E-10,2.5087,1.39075E-15,5.238,99.9,0.1228,408.55,93449539145.3242,0.7991,1.51393,12.15,1.0234,0.1867,0.15966,0.4528,0.6753,75.2179,238.1047,0.54896,0.836286,0.65332,1062.3,10,51
UHTM-079,TiC-TiB2,experimental,Hot Pressing,FCC,3096.9,765.8,10.547,-150.737,3.4767,1.4498,0.0519,5.7134,1.0271,951876,1.14057173983392E+024,4.5031,460.75,38.762,4.1784,289.385,0.2119,1143.1,48.019,5.3843,268.19,25.042812161,2364.7,19756.8463,1200,3.62174502E-12,199.035,1.77965E-10,2.4672,1.7301E-15,5.027,99.9,0.115,320.92,87485371363.8023,0.9269,1.58148,14.61,0.9983,0.11043,0.20972,0.4958,1.6361,73.7016,240.628,0.50081,0.740855,0.7439,1128.4,10,50
UHTM-080,NbC-HfC,experimental,Arc Melting,HEX,2896.5,740.9,10.2852,-152.092,3.4976,1.3873,0,6.4655,0.8146,1119586,2.8679572348463E+024,4.2344,423.88,37.317,3.8513,270.499,0.2179,1068.6,54.091,4.5004,219.85,14.686636467,2293.7,31981.1442,1045.5,2.9467612E-12,172.882,1.613621E-10,2.6863,2.05389E-15,4.722,99.9,0.1,341.22,93071069376.6304,0.8815,1.52378,14.09,0.9017,0.00871,0.24218,0.5142,0.7424,79.6468,283.6978,0.47802,0.717924,0.6335,1105.2,10,52
UHTM-081,HfC-SiC,experimental,Chemical Vapor Deposition,FCC,3807.2,877.6,7.9389,-126.92,3.6097,1.1651,0.1027,5.9236,0.802,995662,1.75684637590596E+024,3.7113,467.77,35.238,3.6211,290.786,0.2268,1102.9,50.532,5.2645,257.42,16.090845157,2719.5,21534.6204,1173.2,2.86133353E-12,157.78,1.412581E-10,2.4832,2.01344E-15,5.02,99.9,0.1061,448.11,88909145154.2654,0.6766,1.70191,9.96,0.9755,0.0994,0.24981,0.4424,0.7286,93.0033,324.7079,0.52784,0.7784,0.98741,1210.1,10,52
UHTM-082,ZrB2-SiC,experimental,Reactive Sintering,FCC,3524.2,846.7,7.6083,-115.585,3.4452,1.1651,0.097,5.433,0.7787,1032409,9.98252074226109E+023,3.9717,468.18,36.39,3.4094,265.051,0.2016,1101.3,46.845,5.1325,323.01,22.326204465,2571.1,24421.8632,1190.9,3.01654815E-12,149.884,1.123868E-10,2.0316,2.01329E-15,5.023,99.9,0.1,479.72,94176562957.8277,0.7424,1.51192,10.57,0.9,0.06265,0.20269,0.4668,1.3918,76.1221,316.1715,0.52456,0.697421,0.75385,1025.8,10,45
UHTM-083,HfB2-SiC,experimental,Pressureless Sintering,FCC,4071.7,949.9,7.9,-118.314,3.3916,1.1572,0.0571,6.9997,0.6182,980406,2.14935829664725E+024,4.2116,529.64,37.893,3.4292,309.448,0.198,1218.6,59.071,4.4262,221.38,17.042764339,3072.4,35600.0812,1248.7,2.79327245E-12,138.253,1.030763E-10,2.0474,2.56825E-15,5.287,99.9,0.1,360.32,70380440216.8011,0.8271,1.63913,14.54,0.6994,0.11001,0.12818,0.5579,0.7216,85.8707,356.2029,0.40759,0.809897,1.16124,1244.7,10,55
UHTM-084,TaC-HfC,experimental,Tape Casting + Sintering,HEX,3400,775,5.9701,-90.665,3.5189,1.0909,0.2383,4.3561,0.5523,680790,1.00380653995712E+024,3.6892,416.35,27.216,4.226,255.921,0.2063,1004,40.145,5.5255,248.6,13.260433255,2500.9,16445.6583,1078.1,1.80013228E-12,148.795,9.52852E-11,1.6418,4.24226E-15,5.447,99.9,0.1049,404.81,60593374413.6792,0.5944,1.41908,17.63,0.7012,0.18897,0.10745,0.543,0.715,91.2334,415.8417,0.47774,0.515326,0.6392,1004.8,10,51
UHTM-085,ZrC-TiC,experimental,Spark Plasma Sintering,HEX,3176.9,851.3,5.6865,-83.092,3.5384,0.9922,0.1686,4.5809,0.4954,704764,6.3961504516762E+023,3.8108,402.22,33.163,3.9461,226.585,0.2034,978.2,41.95,5.0366,310.95,21.420474373,2388.1,19365.8188,1052.1,2.49265067E-12,140.329,7.6801E-11,1.603,3.5516E-15,4.796,99.9,0.1,382.46,89968070388.5557,0.621,1.29629,9.99,0.7586,0.00571,0.09927,0.5211,1.2787,87.5529,372.2832,0.4984,0.441625,0.74151,956.4,10,50
UHTM-086,HfC-TaC,experimental,Hot Pressing,FCC,3072.7,705.8,7.6262,-136.188,3.6395,1.2823,0.0734,6.0178,0.9748,956997,6.66589591729751E+023,4.4192,433.01,32.313,3.1515,269.068,0.2255,963.9,50.601,5.6777,347.07,27.407188081,2360.1,21204.0247,1150.6,2.67200095E-12,150.92,1.62834E-10,2.5409,1.73829E-15,4.421,99.9,0.1178,365.59,94438636813.9916,0.8659,1.52921,16.19,0.9736,0.18178,0.26846,0.418,1.5698,82.2459,305.6897,0.57045,0.661339,0.65815,1014.3,10,53
UHTM-087,ZrB2-ZrC,experimental,Arc Melting,FCC,3660.2,834.1,8.4187,-124.486,3.5106,1.2848,0.0316,5.4522,0.6966,1007390,1.22991686166865E+024,4.1985,500.69,35.078,3.5803,296.804,0.2088,1017.2,47.197,4.6273,271.25,21.655124583,2759.2,20079.2128,1212.8,2.57205481E-12,149.948,1.165393E-10,2.2795,2.6622E-15,4.036,99.698,0.2805,291.5,117071143705.541,0.8289,1.652,16.58,0.8561,0.08953,0.16163,0.6215,1.3689,87.3402,319.856,0.41891,0.756653,1.00422,1082.4,10,47
UHTM-088,HfB2-MoSi2,experimental,Chemical Vapor Deposition,FCC,3426.1,829.6,8.6457,-141.301,3.4029,1.3491,0.0551,5.2837,0.9735,1085764,2.21908111596258E+024,4.2647,478.89,39.963,3.1773,281.951,0.209,1190.7,44.889,5.1413,243.02,13.266587349,2533.5,21629.0074,1230.1,3.80823623E-12,157.098,1.528034E-10,2.4079,1.50808E-15,5.152,99.477,0.5391,433.17,84240428473.8225,0.8623,1.47097,22.35,1.0756,0.01006,0.20221,0.4661,0.6906,73.333,272.0035,0.53798,0.784782,0.84961,1171.9,10,43
UHTM-089,TiC-TiB2,experimental,Reactive Sintering,FCC,2949.2,755.5,9.911,-149.119,3.5189,1.3093,0.039,5.3994,0.979,1028721,1.12255039711822E+024,4.1748,442.2,39.251,3.8435,274.752,0.217,1061.3,45.732,5.1663,285.9,21.947771797,2195.5,21288.1411,1157.5,3.69770238E-12,185.006,1.736504E-10,2.5721,1.4205E-15,4.319,99.9,0.1042,325.87,106361940408.086,0.8379,1.58657,17.9,0.827,0.08342,0.1778,0.4985,1.5244,75.2744,261.8331,0.54625,0.69007,0.74556,1208,10,42
UHTM-090,NbC-HfC,experimental,Pressureless Sintering,HEX,3105.2,742.1,10.1694,-146.176,3.4922,1.3044,0,7.3767,0.8248,1175450,3.14707698730686E+024,4.4716,485.08,36.773,3.7918,297.514,0.2172,1006.4,60.732,4.5482,228.91,17.694708989,2403.6,23449.403,1193.5,2.87400588E-12,170.57,1.474636E-10,2.6725,1.81983E-15,3.707,99.9,0.1,296.04,160460622811.102,0.9467,1.62724,20.62,0.9306,0.07484,0.19014,0.5117,0.7663,84.7638,257.8349,0.50327,0.737854,0.80554,1161.7,10,48
UHTM-091,HfC-SiC,experimental,Tape Casting + Sintering,FCC,3956.5,884.9,7.9868,-120.289,3.4925,1.1849,0.1078,5.3528,0.812,972025,1.78550126012267E+024,4.5719,480.27,34.563,3.6518,282.962,0.2128,1118.8,46.242,5.3209,252.28,15.318714692,3116.1,20222.2769,1198.2,2.77033471E-12,158.924,1.243689E-10,2.2312,2.08331E-15,5.303,99.773,0.2469,452.02,84572146467.4702,0.8942,1.57054,5.11,0.7606,0.00982,0.2493,0.4979,0.7836,84.6734,312.3704,0.53801,0.811099,0.88434,1125.4,10,50
UHTM-092,ZrB2-SiC,experimental,Spark Plasma Sintering,FCC,3411.6,786.2,8.5812,-129.601,3.5175,1.1873,0.1499,6.7461,0.7541,941539,9.83679785569303E+023,4.3831,475.85,33.965,4.0324,302.063,0.2102,1222.2,56.713,4.9935,298.97,28.695127546,2583.8,27561.6119,1218.6,2.68973635E-12,173.119,1.480855E-10,2.1849,2.09197E-15,6.221,99.9,0.1,498.05,66387866206.5298,0.8465,1.46495,3.74,0.9441,0.11213,0.25163,0.5082,1.4347,82.5356,297.0479,0.53515,0.651746,0.93288,1062.8,10,50
UHTM-093,HfB2-SiC,experimental,Hot Pressing,FCC,3808.5,858.7,8.6232,-114.933,3.4982,1.2315,0.0499,5.8724,0.7003,1031100,2.38867025349455E+024,3.9501,472.32,33.376,3.8846,268.077,0.2106,1076.6,50.618,4.9247,230.8,15.909736075,2904.4,22503.3206,1117.5,2.26880977E-12,153.71,9.573E-11,2.2783,2.9046E-15,4.909,99.9,0.1131,372.19,97649326421.2241,0.7602,1.70865,6.69,0.8237,0.21096,0.13724,0.598,0.8466,90.2383,318.1395,0.43102,0.864787,0.94883,997,10,56
UHTM-094,TaC-HfC,experimental,Arc Melting,HEX,3389.6,839.4,5.6555,-91.226,3.5276,0.973,0.2335,4.5664,0.4891,701240,1.06942816222183E+024,3.7299,419.49,30.899,3.9155,259.447,0.2073,1047,41.834,4.9823,254.79,14.568710859,2496.9,23376.9036,1087.5,2.22897829E-12,139.403,9.66521E-11,1.6552,3.41712E-15,5.568,99.9,0.1,439.6,67439187944.4389,0.6033,1.30176,6.71,0.7958,0.19238,0.10337,0.537,0.6577,92.3248,389.8434,0.4523,0.469713,0.71349,994.4,10,57
UHTM-095,ZrC-TiC,experimental,Chemical Vapor Deposition,HEX,3165,789.6,6.3601,-91.124,3.5873,1.0126,0.2033,5.0552,0.5448,702140,6.91892230241103E+023,3.7247,409.41,30.03,4.6109,252.932,0.2089,990.4,45.758,5.4611,309.99,25.749836336,2332.9,18232.2382,1073,2.12777966E-12,160.434,9.64055E-11,1.678,3.69452E-15,5.332,99.9,0.1019,422.04,89660342923.4854,0.6021,1.31902,7.53,0.7168,0.16167,0.11242,0.5305,1.337,92.465,333.4436,0.49017,0.471345,0.75539,1037.6,10,54
UHTM-096,HfC-TaC,experimental,Reactive Sintering,FCC,3040.1,748.4,8.4312,-129.465,3.5554,1.2439,0.098,6.4987,1.0222,920282,7.07230670885137E+023,4.4348,412.69,35.078,3.632,243.781,0.2154,1044.4,54.17,5.9166,335.94,32.559225421,2385.7,24677.871,1095.1,3.09006284E-12,170.335,1.444282E-10,2.3522,1.63698E-15,4.899,99.9,0.1291,374.55,91511179601.2474,0.8699,1.66514,11.92,1.0472,0.05397,0.32335,0.4346,1.9222,74.3303,270.021,0.58338,0.704202,0.59743,969,10,48
UHTM-097,ZrB2-ZrC,experimental,Pressureless Sintering,FCC,3636.8,872.6,8.2488,-128.055,3.4585,1.2157,0.0592,7.1643,0.6696,1042382,1.3042866564673E+024,4.1107,486.72,37.311,3.4777,296.792,0.2026,1187.8,59.962,4.4743,279.04,28.694698702,2745.6,31974.8019,1178,2.84664466E-12,146.291,1.246963E-10,2.1644,2.39163E-15,5.563,99.9,0.1,431.19,81333897606.0487,0.8061,1.69596,5.5,0.9317,0.05144,0.15339,0.5082,1.2854,81.7634,302.5637,0.50338,0.746041,0.95066,1075.3,10,51
UHTM-098,HfB2-MoSi2,experimental,Tape Casting + Sintering,FCC,3414.4,819.5,9.053,-134.992,3.4376,1.1705,0.0471,6.7445,0.9145,1160385,2.11578779849077E+024,4.6941,477.01,39.312,3.3917,268.305,0.2132,1115.2,55.531,4.8734,256.99,14.650937955,2654.6,26043.6726,1225.6,3.70716429E-12,166.081,1.359786E-10,2.4954,1.11453E-15,4.796,99.9,0.1,457.31,84996181515.7062,0.9787,1.46024,10.7,1.0257,0.08185,0.19126,0.4683,0.7791,75.8483,310.2587,0.56164,0.748959,0.80353,1158.9,10,52
UHTM-099,TiC-TiB2,experimental,Spark Plasma Sintering,FCC,2927.6,763.1,8.7398,-150.653,3.5617,1.4031,0.0527,6.6538,0.9945,1094458,1.05934918782646E+024,4.499,452.21,40.483,3.2268,283.86,0.2222,1161.4,54.87,5.2366,301.05,23.310652162,2238.3,28611.9619,1186.7,3.88899694E-12,159.174,1.777413E-10,2.6786,1.62728E-15,5.092,99.9,0.1077,434.8,73501419802.2978,0.9258,1.56954,8.61,0.9698,0.09598,0.18919,0.4875,1.2643,79.2727,302.0544,0.55402,0.685284,0.65987,1089.4,10,49
UHTM-100,NbC-HfC,experimental,Hot Pressing,HEX,3079.1,783.3,9.0666,-141.678,3.3606,1.3474,0,7.0176,0.8506,1155613,3.05398441283227E+024,3.7484,468.19,39.643,3.2257,278.315,0.2012,1167.2,58.114,4.6698,225.7,16.57217577,2215.6,31870.3281,1151,3.25782626E-12,148.559,1.368936E-10,2.3382,1.94123E-15,5.199,99.9,0.1027,401.14,91268802944.6532,0.7478,1.71932,9.91,0.9627,0.14409,0.21178,0.5092,0.6768,72.8581,265.8942,0.49192,0.759228,0.73996,1103.1,10,44
UHTM-101,HfC,synthetic,Arc Melting,FCC,3816.7,859.7,8.36,-119.298,3.4614,1.2613,0.0866,5.9487,0.7991,980534,1.78986381277241E+024,4.4013,443.35,33.259,3.8907,259.058,0.209,1017.1,50.721,5.2481,254.13,16.728868824,3038.9,23184.5691,1107.1,2.59467634E-12,167.836,1.218455E-10,2.1645,2.35302E-15,4.641,99.9,0.1053,402.3,103797496282.932,0.8511,1.698,0,0.8397,0.00658,0.28018,0.5158,0.8432,78.9205,313.2629,0.50554,0.797462,0.77623,1029.8,10,46
UHTM-102,ZrC,synthetic,Chemical Vapor Deposition,FCC,3464.7,805.6,8.7528,-128.925,3.4548,0.9832,0.1198,5.3531,0.8067,922325,9.25410189882053E+023,3.8921,450.09,33.824,4.1422,284.221,0.2028,1068.3,46.244,5.2909,293.88,22.115818885,2542.1,22352.9182,1145.1,2.67072964E-12,177.216,1.463645E-10,2.0519,1.37103E-15,5.422,99.9,0.1073,416.37,72066398104.4024,0.7223,1.65747,0,0.9509,0.12601,0.24315,0.5288,1.483,75.3835,321.8185,0.51662,0.714303,0.74056,991.8,10,42
UHTM-103,TaC,synthetic,Reactive Sintering,FCC,3747.2,891.9,7.9893,-117.221,3.4271,1.3279,0.0483,5.7474,0.6893,1133351,2.21586692529595E+024,3.8395,477.6,36.151,3.4854,276.467,0.2022,1104.6,49.682,4.8582,249.78,13.183237212,2797.2,23025.7126,1133.9,2.5910647E-12,140.161,1.007027E-10,2.1243,3.34081E-15,4.974,99.639,0.395,453.93,82306701497.6817,0.7318,1.88488,0,0.9395,0.1587,0.13248,0.5157,0.7417,84.6058,381.5168,0.48645,0.835152,1.03331,1060.1,10,52
UHTM-104,HfB2,synthetic,Pressureless Sintering,HEX,3360,832.1,6.0764,-82.268,3.5351,0.9619,0.1698,4.4988,0.5819,721538,1.19781215227632E+024,3.9788,409.48,30.477,4.3309,228.386,0.2081,954.3,41.29,5.7809,260.93,16.088674523,2580.3,15831.0106,1061.4,2.17982971E-12,151.965,7.47886E-11,1.6669,3.33907E-15,4.7,99.9,0.1166,392.65,109200086256.476,0.6579,1.45789,0,0.8359,0.01024,0.10844,0.4707,0.8239,91.8605,342.7564,0.47644,0.530171,0.7808,1021.4,10,58
UHTM-105,ZrB2,synthetic,Tape Casting + Sintering,HEX,3267.8,791.1,5.7177,-81.612,3.5041,1.0345,0.2215,4.4387,0.5555,701338,6.18605000491165E+023,4.3894,417.74,29.363,3.9769,231.136,0.1995,1011.5,40.808,5.5533,309.69,20.092899861,2606,16248.1975,1090.1,2.05013912E-12,141.261,7.31884E-11,1.5505,3.84756E-15,5.099,99.9,0.1061,402.64,76527850755.0302,0.748,1.34197,0,0.7251,0.02871,0.10366,0.4951,1.3173,86.3004,388.966,0.54037,0.493815,0.73239,920.7,10,56
UHTM-106,TiC,synthetic,Spark Plasma Sintering,FCC,3221.9,783.1,8.01,-135.485,3.5131,1.172,0.082,5.397,0.8848,966459,7.68228319148774E+023,5.1024,456.89,36.858,3.3807,282.441,0.2104,1056.6,45.993,5.2233,349.93,29.28754399,2620.7,19018.6698,1208.7,3.35907099E-12,160.177,1.609082E-10,2.2573,1.44671E-15,4.483,99.9,0.1,377.94,122642454742.902,1.0427,1.56743,0,0.9775,0.1635,0.24926,0.454,1.6943,75.0558,248.9625,0.54661,0.647438,0.78903,1017.9,10,46
UHTM-107,NbC,synthetic,Hot Pressing,FCC,3807.1,893.8,8.4423,-117.933,3.3757,1.2545,0.0503,6.4926,0.7539,959027,1.20515173226445E+024,4.156,527.18,38.114,3.5945,296.058,0.1929,1179.3,54.954,4.9521,260.49,25.617966616,2801.6,30680.3189,1273.2,2.94538376E-12,150.455,1.015618E-10,1.9815,2.5435E-15,4.931,99.9,0.1101,320.15,83090641186.305,0.8179,1.68104,0,0.771,0.19137,0.14772,0.51,1.4673,77.9056,317.5064,0.50177,0.823865,0.90313,1140.4,10,51
UHTM-108,HfN,synthetic,Arc Melting,FCC,3375.4,785.5,8.7452,-156.635,3.4787,1.2459,0.0499,6.62,1.0877,987241,2.30695944944451E+024,4.2824,473.65,37.23,3.2296,309.123,0.2183,1123.7,54.624,5.6591,224.56,18.301509032,2508.9,25179.2283,1218.7,3.38387281E-12,159.291,1.93692E-10,2.599,1.28074E-15,4.904,99.9,0.1285,339.29,97953802520.1011,0.8671,1.67735,0,1.0249,0.19113,0.19106,0.5009,0.6208,78.7198,236.2328,0.50422,0.840656,0.88158,1165.1,10,46
UHTM-109,ZrN,synthetic,Chemical Vapor Deposition,FCC,2949,756.3,9.1622,-129.01,3.5227,1.2802,0.0609,6.1935,0.9511,982974,1.12970776955621E+024,4.4689,458.18,39.867,3.4492,246.292,0.2175,1205.5,51.517,5.0396,275.35,25.868030898,2235.7,23989.4593,1202,3.79341094E-12,168.489,1.20027E-10,2.5816,1.35633E-15,5.537,99.9,0.1,379.51,74226984893.9335,0.9176,1.45867,0,1.0153,0.19567,0.19968,0.4712,1.63,76.9049,249.1608,0.55826,0.665276,0.71063,1132.2,10,51
UHTM-110,TaN,synthetic,Reactive Sintering,HEX,3055.4,752.9,9.3353,-155.13,3.5642,1.4716,0,7.492,0.7827,1186561,3.02248759613978E+024,4.3394,470.64,37.737,3.3637,306.338,0.226,1154.6,61.571,4.3499,230.72,16.964869461,2356.1,31051.9022,1158.7,3.0028851E-12,153.923,1.685005E-10,2.8555,2.29181E-15,5.154,99.9,0.1,419.42,90610124331.1666,0.9104,1.68131,0,0.7824,0.02708,0.20869,0.5187,0.6334,89.2121,275.6209,0.46497,0.707938,0.79083,1101.3,10,52
UHTM-111,HfC,synthetic,Pressureless Sintering,FCC,3923.9,904.1,8.098,-123.792,3.4149,1.1764,0.0995,5.0885,0.8404,1039013,1.70900502605429E+024,4.0603,436.86,34.543,3.723,264.882,0.2035,1055.5,44.256,5.4814,266.85,13.150272481,3030.9,20260.0687,1084,2.76763028E-12,161.58,1.332919E-10,2.0645,2.05328E-15,5.202,97.624,2.7701,502.69,79695604414.2716,0.7649,1.63821,0,0.8073,0.05425,0.281,0.4318,0.7718,74.7245,354.5017,0.4832,0.859168,0.97423,1064.6,10,46
UHTM-112,ZrC,synthetic,Tape Casting + Sintering,FCC,3465.1,856.1,7.9699,-121.908,3.4975,1.2055,0.1164,5.5132,0.7734,1067179,9.61231706943361E+023,4.5859,458.07,37.307,3.641,273.512,0.2078,1158.1,47.448,5.1029,332.21,21.014606958,2740.2,24538.1776,1166.8,3.14008483E-12,158.521,1.284913E-10,2.1424,2.15619E-15,5.61,99.764,0.2315,568.94,74038817384.5883,0.8977,1.66909,0,0.8698,0.03454,0.23804,0.4358,1.3937,79.4012,343.2822,0.52568,0.687657,0.74546,1015.5,10,51
UHTM-113,TaC,synthetic,Spark Plasma Sintering,FCC,3848,905.4,8.4874,-118.19,3.4422,1.2416,0.0639,5.7973,0.5596,1099359,2.32133966808609E+024,3.9843,490.21,36.314,3.799,286.111,0.204,1204.7,50.056,4.0699,243.47,14.41233092,2902.4,31552.9313,1160.7,2.60989931E-12,150.806,1.028071E-10,2.157,2.95026E-15,5.561,99.9,0.1,478.96,76562677247.7883,0.7689,1.64687,0,0.81,0.17151,0.15008,0.5619,0.8005,87.0367,349.0701,0.47164,0.734972,1.07994,1154.3,10,52
UHTM-114,HfB2,synthetic,Hot Pressing,HEX,3551,833.9,5.6418,-90.266,3.5557,0.9988,0.2223,3.828,0.572,727095,1.07717597125719E+024,4.0371,477.76,30.835,3.902,292.378,0.2105,1080,35.904,5.6956,262.61,12.238103099,2576.1,13959.8177,1240.2,2.22156333E-12,138.995,9.43107E-11,1.6989,3.59795E-15,5.532,95.987,4.5229,469.14,69158190868.4745,0.6707,1.24531,0,0.6955,0.1482,0.0929,0.4254,0.6637,101.1306,397.3498,0.47888,0.520696,0.72503,1070.9,10,57
UHTM-115,ZrB2,synthetic,Arc Melting,HEX,3186.3,820.5,5.7396,-88.333,3.4841,0.9788,0.2004,4.4702,0.5198,629602,6.82082749423486E+023,4.0766,413.92,31.703,3.9984,247.887,0.1972,1010.6,41.061,5.2459,283.32,24.855147359,2446.9,18918.4054,1084.4,2.32263511E-12,141.913,8.95935E-11,1.5198,3.45725E-15,5.075,99.9,0.1,318.24,93954365851.333,0.6794,1.30718,0,0.794,0.11791,0.11176,0.5354,1.2034,84.2059,310.7088,0.46252,0.459484,0.76927,989.4,10,52
UHTM-116,TiC,synthetic,Chemical Vapor Deposition,FCC,3132.6,767.7,8.5201,-138.754,3.5294,1.2774,0.0738,5.5455,0.8943,910531,6.91702971244525E+023,4.4088,451.25,36.646,3.6851,285.689,0.2123,1027.2,47.095,5.2712,332.98,27.804940212,2364.9,20870.1375,1198.5,3.32709044E-12,172.478,1.698594E-10,2.2939,1.72538E-15,4.346,99.9,0.1,325.06,104698629867.637,0.8632,1.27562,0,0.9691,0.20339,0.29065,0.4395,1.7952,75.8018,276.8024,0.553,0.631569,0.69411,1144.6,10,47
UHTM-117,NbC,synthetic,Reactive Sintering,FCC,3600.8,863.4,8.9179,-126.72,3.5123,1.3845,0.0393,6.8946,0.7367,1008776,1.24755557394196E+024,4.2118,478.3,36.848,3.8815,288.619,0.209,1063.5,57.951,4.8548,271.56,27.018497619,2770.5,26723.9769,1158.2,2.78980189E-12,160.689,1.216449E-10,2.2832,3.0526E-15,4.498,99.9,0.105,325.81,102438174736.887,0.8323,1.69933,0,0.8466,0.06188,0.13484,0.6496,1.4527,85.5027,313.7582,0.46853,0.791135,0.865,1051.5,10,60
UHTM-118,HfN,synthetic,Pressureless Sintering,FCC,3447.6,819.2,8.6933,-145.082,3.4403,1.3254,0.0469,6.4604,0.9728,1019381,2.12445162690626E+024,4.1696,448.38,37.881,3.2023,271.048,0.2136,1094.8,53.461,5.1381,230.58,15.798367953,2598.5,20895.1022,1145.4,3.48504795E-12,158.146,1.628858E-10,2.5023,1.45593E-15,4.769,99.9,0.1029,353.09,86475067052.3539,0.8365,1.73916,0,0.9207,0.03404,0.19852,0.5316,0.6743,73.7396,278.0702,0.55724,0.81342,0.74849,1174.3,10,52
UHTM-119,ZrN,synthetic,Tape Casting + Sintering,FCC,2924.7,738.3,9.1854,-141.382,3.4468,1.346,0.0439,5.6461,1.0077,1048141,1.00142774030904E+024,4.185,475.05,39.351,3.4614,279.848,0.2082,1115.7,47.529,5.2962,290.37,19.537221407,2108.6,20688.8236,1250.6,3.71323068E-12,169.001,1.530186E-10,2.3928,1.50145E-15,4.655,99.9,0.1106,364.87,74060902441.8045,0.8407,1.45007,0,1.0622,0.01029,0.21165,0.4518,1.4634,72.5811,319.1837,0.56812,0.67585,0.6795,1159.6,10,49
UHTM-120,TaN,synthetic,Spark Plasma Sintering,HEX,3095,753.4,10.1059,-142.593,3.4297,1.4032,0,7.6938,0.8144,1143147,2.90597622722656E+024,3.848,489.71,37.902,3.7593,292.988,0.2096,1134.4,63.042,4.4993,223.67,17.093225322,2211.3,30246.3314,1206.2,3.02496725E-12,169.303,1.390433E-10,2.5137,2.09872E-15,4.766,99.9,0.1,359.69,94269403820.1726,0.7752,1.5678,0,1.0418,0.14628,0.17934,0.5134,0.7826,80.1072,283.3072,0.48132,0.725361,0.72928,1125.4,10,48
UHTM-121,HfC,synthetic,Hot Pressing,FCC,3898.9,879.1,7.3231,-124.385,3.5099,1.2689,0.1011,6.147,0.808,829404,1.96872413863448E+024,4.2492,492.26,35.204,3.2269,299.9,0.2148,1117.9,52.211,5.2982,221.27,22.140817382,2916.6,22692.9694,1233.9,2.85665928E-12,143.074,1.348017E-10,2.2686,2.38013E-15,5.061,99.9,0.1077,308.71,109023626446.488,0.8126,1.83504,0,0.8556,0.07186,0.2663,0.5135,0.6651,87.1599,237.0335,0.56824,0.785419,0.9177,1113.4,10,55
UHTM-122,ZrC,synthetic,Arc Melting,FCC,3391.7,837.7,8.2071,-112.025,3.4107,1.2748,0.1106,5.8608,0.7658,983411,1.00713878537439E+024,4.3335,437.35,36.25,3.7928,239.97,0.1975,1112.1,50.06,5.06,310.05,25.120349532,2651.4,31164.2985,1114.6,2.99759985E-12,164.184,1.033214E-10,1.9584,2.40069E-15,5.21,99.9,0.1,454.17,90699045551.0706,0.8339,1.47467,0,0.8464,0.10572,0.20494,0.5372,1.6084,70.9216,299.0208,0.52583,0.680341,0.71266,1077.4,10,48
UHTM-123,TaC,synthetic,Chemical Vapor Deposition,FCC,3893.1,839.6,8.3054,-113.31,3.4342,1.2252,0.0493,6.0386,0.6941,990673,2.31436907021537E+024,4.0379,520.6,32.901,3.6844,291.303,0.2031,1105.9,51.865,4.8875,223.29,16.224273724,2879.2,23204.7949,1235.3,2.21363491E-12,146.917,9.2204E-11,2.1397,2.87611E-15,4.969,99.9,0.1111,346.32,90118762233.182,0.7826,1.58169,0,0.8626,0.17711,0.1218,0.4878,0.817,88.9756,320.7126,0.4412,0.842435,1.07938,1177.5,10,50
UHTM-124,HfB2,synthetic,Reactive Sintering,HEX,3254,869.3,6.0786,-91.789,3.3987,0.9035,0.2195,4.1546,0.5633,716015,1.11909408998389E+024,4.3138,394.2,33.091,4.3331,245.311,0.1925,1003.1,38.526,5.6201,259.26,13.929492975,2637.1,17005.7452,1025.1,2.4843002E-12,152.033,9.80273E-11,1.455,2.93016E-15,5.448,98.154,2.0159,448.31,76582967587.3787,0.7314,1.46417,0,0.7479,0.20363,0.12208,0.4375,0.7225,78.6729,371.8082,0.45971,0.509362,0.68856,956.5,10,49
UHTM-125,ZrB2,synthetic,Pressureless Sintering,HEX,3399,771.6,5.6845,-89.256,3.5742,1.0651,0.2026,4.366,0.5046,793726,6.58458813351017E+023,3.9187,436.84,27.625,3.944,264.341,0.2075,982.6,40.224,5.1158,343.65,19.245664991,2519.3,18990.8313,1135.3,1.84775366E-12,140.268,9.18453E-11,1.658,4.0616E-15,5.126,99.9,0.1,512.19,86347449839.9506,0.6447,1.46355,0,0.7614,0.15842,0.10297,0.4782,1.1724,94.371,397.955,0.49343,0.472691,0.74884,942.1,10,55
UHTM-126,TiC,synthetic,Tape Casting + Sintering,FCC,3215.2,725,7.4691,-130.29,3.4029,1.164,0.0605,6.0878,0.9684,889258,7.29340540112259E+023,4.4725,491.75,33.934,3.0578,292.338,0.1972,990.5,51.12,5.6453,326.54,32.79735495,2356.6,18944.4544,1308.1,2.91699211E-12,147.132,1.466883E-10,2.0101,1.4256E-15,3.967,99.9,0.1163,282.33,133499701980.852,0.8797,1.49172,0,1.0062,0.07589,0.25371,0.4626,1.606,69.3389,249.8611,0.54621,0.655385,0.70304,1131.2,10,33
UHTM-127,NbC,synthetic,Spark Plasma Sintering,FCC,3678.5,902.9,7.992,-126.116,3.4313,1.232,0.0406,7.0772,0.693,898076,1.18747189216683E+024,3.7473,461.09,37.86,3.3228,276.907,0.1994,1069,59.313,4.6069,246.93,28.649781021,2722.4,30852.4258,1109.8,2.91415988E-12,140.766,1.202654E-10,2.1043,2.45532E-15,4.428,99.9,0.1,246.67,94655054711.8371,0.7119,1.74353,0,0.7286,0.0704,0.14172,0.5478,1.2508,77.373,308.7566,0.49318,0.793342,0.82253,1087.9,10,49
UHTM-128,HfN,synthetic,Hot Pressing,FCC,3244.9,817.4,9.162,-146.503,3.4534,1.2698,0.0486,6.9093,1.0143,1040654,2.36015887903009E+024,4.2294,453.08,40.433,3.4491,276.573,0.2152,1137.9,56.731,5.3263,234.57,18.69733282,2433,28048.8461,1170,3.88137228E-12,168.485,1.666736E-10,2.5352,1.33337E-15,4.946,99.9,0.1121,382.07,101054435532.264,0.8527,1.74279,0,1.0834,0.0525,0.22376,0.4919,0.7178,75.1016,237.4997,0.55491,0.7793,0.85842,1197.4,10,46
UHTM-129,ZrN,synthetic,Arc Melting,FCC,3061.6,777.3,9.2587,-140.114,3.5867,1.3249,0.0379,5.9095,0.9847,1128767,1.18966363356448E+024,4.5107,459.5,40.045,3.5,268.258,0.2253,1077.3,49.448,5.1919,308.95,23.542859379,2339.4,26002.4902,1198.7,3.82111314E-12,170.618,1.496366E-10,2.7407,1.45479E-15,4.43,99.9,0.1055,401.2,114929256903.501,0.929,1.47094,0,0.9857,0.02259,0.16387,0.4192,1.4958,81.7609,259.2607,0.51039,0.704929,0.64088,1231.8,10,56
UHTM-130,TaN,synthetic,Chemical Vapor Deposition,HEX,3086,786.9,9.2996,-137.435,3.4119,1.346,0,6.0999,0.9481,1314707,3.03935784596135E+024,4.3299,462.75,39.64,3.3453,266.843,0.2075,1178.7,51.427,5.1295,251.51,13.084814548,2397.6,23226.8218,1136.5,3.25743294E-12,153.21,1.269245E-10,2.4686,1.93727E-15,5.155,99.9,0.1276,509.3,91580562973.1289,0.9077,1.61712,0,0.8897,0.19364,0.19967,0.4334,0.7281,76.4733,298.7255,0.48692,0.828025,0.87812,1121.4,10,47
UHTM-131,HfC,synthetic,Reactive Sintering,FCC,3709,873.7,8.2451,-123.7,3.3979,1.2129,0.1306,5.6631,0.7678,871743,1.79531570889705E+024,4.067,436.43,34.974,3.8172,264.42,0.2014,1149,48.574,5.0711,230.48,17.729584597,2845.5,26174.3458,1094.4,2.82575214E-12,165.092,1.330552E-10,2.028,2.1824E-15,5.797,99.9,0.1,395.32,74790733186.3451,0.7665,1.73461,0,0.8836,0.06561,0.28667,0.5088,0.792,73.3653,281.6526,0.53746,0.755268,0.8293,1103.7,10,43
UHTM-132,ZrC,synthetic,Pressureless Sintering,FCC,3202.7,751.8,7.3262,-116.507,3.6132,1.2201,0.1244,4.8077,0.7609,969225,9.7007054476522E+023,4.1222,449.47,33.116,3.2289,256.488,0.2215,1119.8,42.146,5.0323,306.29,20.469695993,2393.6,19318.921,1158.9,2.57536428E-12,143.149,1.147374E-10,2.3878,2.20775E-15,5.746,97.162,2.6892,487.05,72751632365.0806,0.7805,1.60076,0,0.8873,0.04102,0.29405,0.4522,1.3054,87.6644,308.6491,0.55973,0.627074,0.75572,994.6,10,52
UHTM-133,TaC,synthetic,Tape Casting + Sintering,FCC,3778.4,881.7,8.5616,-123.98,3.3259,1.2943,0.0479,6.309,0.6591,1029263,2.39453751696204E+024,3.5721,463.42,34.757,3.8458,283.728,0.1903,1074.7,53.892,4.6745,230.45,17.013456678,2763.5,27925.0966,1096.5,2.42917543E-12,152.393,1.153889E-10,1.9051,3.18865E-15,4.986,99.9,0.1,376.59,95869096223.3152,0.6633,1.73698,0,0.715,0.0714,0.13091,0.4732,0.7651,74.7428,316.552,0.4689,0.827348,0.97709,1127.2,10,43
UHTM-134,HfB2,synthetic,Spark Plasma Sintering,HEX,3523.5,801.3,5.5521,-80.966,3.2954,0.9964,0.2596,4.4469,0.5285,701395,1.16755586138314E+024,3.836,439.79,28.205,3.8135,241.41,0.1806,1062.5,40.873,5.3214,254.83,15.817862241,2589.8,17192.7249,1135.8,1.91531486E-12,136.319,7.16121E-11,1.2945,3.58078E-15,6.066,99.112,0.8479,479.09,70899134887.8487,0.6266,1.28597,0,0.8621,0.04241,0.09729,0.5051,0.7398,73.9306,347.4925,0.51902,0.507381,0.88068,998.7,10,49
UHTM-135,ZrB2,synthetic,Hot Pressing,HEX,3157.3,813,5.7174,-93.054,3.5215,0.9558,0.2059,4.3322,0.5702,817878,6.46077017179994E+023,4.1294,399.41,31.12,3.9765,251.978,0.2015,998.8,39.953,5.6801,352.53,18.214080827,2476.7,17002.5961,1045.4,2.25476505E-12,141.251,1.011149E-10,1.5771,3.29646E-15,5.194,99.814,0.208,547.42,81476692873.7847,0.6909,1.47323,0,0.7725,0.25809,0.12611,0.5278,1.1247,85.8367,416.1073,0.5015,0.493736,0.6585,1014.9,10,54
UHTM-136,TiC,synthetic,Arc Melting,FCC,3351.9,783,8.2295,-134.607,3.4746,1.3223,0.0933,4.8856,0.7982,856303,6.89559431469252E+023,4.4484,484.92,36.277,3.5116,297.828,0.2058,1102.9,42.198,4.786,316.55,26.108856318,2480.4,19578.7983,1279.6,3.27129215E-12,165.469,1.585068E-10,2.1709,1.84422E-15,4.992,97.125,2.1778,327.3,84526493118.7412,0.8734,1.39572,0,0.9837,0.11696,0.31572,0.4406,1.7736,74.3646,265.9561,0.56634,0.611721,0.78484,1083.1,10,50
UHTM-137,NbC,synthetic,Chemical Vapor Deposition,FCC,3626,824.4,8.3257,-127.613,3.3992,1.2964,0.0439,6.4027,0.6669,1074943,1.26840703037474E+024,4.1305,463.46,33.647,3.5241,281.635,0.1957,1040.1,54.284,4.4591,286.28,24.489786423,2804.3,29453.9408,1118.6,2.39610166E-12,147.947,1.236868E-10,2.0334,2.70746E-15,4.667,99.9,0.1,384.76,100183430627.762,0.8112,1.5754,0,0.9255,0.04323,0.15182,0.5124,1.3079,74.9592,324.0402,0.49999,0.758177,0.85127,983.8,10,44
UHTM-138,HfN,synthetic,Reactive Sintering,FCC,3297.2,787.5,8.9643,-151.075,3.4761,1.232,0.047,5.8879,0.8882,1088536,2.40874947253413E+024,4.3429,460.21,37.856,3.345,289.695,0.218,1104,49.291,4.7545,243.54,16.029523744,2492.7,26696.5903,1186.5,3.48104882E-12,164.124,1.788677E-10,2.5925,1.2501E-15,4.784,99.9,0.1,404.21,110368082317.143,0.8835,1.5825,0,0.8999,0.11216,0.17952,0.4525,0.6711,77.3997,239.4618,0.50623,0.717097,0.78873,1149.1,10,48
UHTM-139,ZrN,synthetic,Pressureless Sintering,FCC,3040.6,761.2,9.5999,-155.991,3.4948,1.3777,0.0461,5.5744,1.0239,1127803,1.07741931975227E+024,4.3318,473.17,39.556,3.6796,307.544,0.2141,1129.4,47.007,5.3697,308.73,19.878435129,2244.4,18812.1638,1238,3.74515629E-12,178.143,1.919771E-10,2.5122,1.57117E-15,4.834,99.266,0.8385,437.09,82436081012.6127,0.8805,1.68998,0,1.0171,0.18515,0.19125,0.4458,1.3834,76.0502,302.1402,0.5329,0.715417,0.81019,1032.9,10,41
UHTM-140,TaN,synthetic,Tape Casting + Sintering,HEX,3018.1,746.9,9.4591,-150.253,3.3779,1.3755,0,5.1605,0.9406,1183387,2.71871404351412E+024,3.9568,444.61,36.908,3.4272,280.299,0.2033,1106.4,44.581,5.0942,230.2,10.834846635,2274.8,21873.6608,1093,2.89208085E-12,156.393,1.570414E-10,2.3821,2.02056E-15,5.047,96.503,4.3947,408.52,75249888691.0094,0.8051,1.73945,0,0.9003,0.03497,0.2152,0.4684,0.6703,72.3332,323.7609,0.46411,0.817088,0.70809,1079.7,10,50
UHTM-141,HfC,synthetic,Spark Plasma Sintering,FCC,3926.7,857.2,8.3239,-111.225,3.3481,1.1688,0.1032,5.5877,0.7743,958572,1.77127259229422E+024,4.3136,481.77,33.273,3.8676,262.458,0.1955,1091.9,48.007,5.1078,249.36,15.936757057,2993.1,20092.4242,1204,2.59659302E-12,166.973,1.012824E-10,1.9209,2.02633E-15,5.044,99.9,0.1,418.44,89729664626.3037,0.8289,1.68039,0,0.9503,0.13738,0.26278,0.456,0.9127,73.0119,311.8765,0.52986,0.775948,1.0412,1134.2,10,47
UHTM-142,ZrC,synthetic,Hot Pressing,FCC,3620.7,837.4,7.5387,-114.663,3.543,1.2882,0.1001,6.394,0.7708,919060,9.71585814481135E+023,4.2446,491.28,35.512,3.3649,275.908,0.2132,1117.8,54.067,5.0879,293.02,27.500976172,2679.8,21744.8036,1248,2.89816141E-12,148.223,1.100386E-10,2.2389,2.44826E-15,5.146,99.9,0.1,392.3,86109461832.7936,0.8114,1.58521,0,0.7385,0.07453,0.28572,0.4975,1.387,85.9328,298.8036,0.55199,0.697984,1.04078,1128,10,52
UHTM-143,TaC,synthetic,Arc Melting,FCC,3915.4,915.7,8.8176,-117.704,3.4696,1.1694,0.0544,6.9673,0.6632,1075921,2.33667816498403E+024,4.046,456.89,35.109,4.0069,265.569,0.2073,1109,58.828,4.6997,239.12,17.38322514,3078.9,29856.8586,1073.5,2.46995869E-12,157.864,1.017524E-10,2.2165,2.62325E-15,5.4,99.9,0.1011,445.92,81082034698.0526,0.7847,1.73423,0,0.8234,0.13338,0.14129,0.5634,0.8485,86.3438,342.6262,0.43558,0.870725,0.97583,1190.6,10,51
UHTM-144,HfB2,synthetic,Chemical Vapor Deposition,HEX,3382.1,789.1,6.336,-88.615,3.4401,0.9773,0.2476,4.3354,0.5839,691347,1.14783214632141E+024,3.7963,428.71,28.506,4.5871,257.561,0.1972,1042.1,39.979,5.7978,251.79,15.342720589,2487.4,16347.442,1113.7,1.95028512E-12,159.715,9.02818E-11,1.5194,3.44713E-15,5.682,99.9,0.1174,435.84,75634097013.4186,0.6179,1.4092,0,0.7329,0.14436,0.09869,0.5059,0.7977,85.6732,349.3418,0.44024,0.52627,0.76499,1033.9,10,54
UHTM-145,ZrB2,synthetic,Reactive Sintering,HEX,3280.2,774.6,5.1796,-90.791,3.6197,0.9599,0.238,4.2832,0.5049,732208,6.5037977065408E+023,3.4135,425.99,28.569,3.4458,262.211,0.2126,1026.5,39.559,5.1184,321.04,19.962458157,2289.3,22238.7968,1112.4,1.95766154E-12,125.2,9.55907E-11,1.7278,3.32543E-15,5.685,98.896,0.9503,488.69,72135859796.2157,0.5339,1.09036,0,0.7966,0.15948,0.11989,0.4652,1.0036,97.1148,376.3537,0.48969,0.459322,0.5817,950,10,64
UHTM-146,TiC,synthetic,Pressureless Sintering,FCC,3196,779.2,7.8829,-126.728,3.4347,1.2512,0.0703,5.81,0.915,920304,7.62804192616619E+023,4.5831,463.3,37.11,3.3048,267.894,0.201,1031.7,49.059,5.3758,335.95,32.268809562,2437.8,21025.9596,1228.6,3.39716022E-12,157.111,1.369366E-10,2.0815,1.65608E-15,4.316,99.9,0.1036,329.93,128164578303.859,0.9083,1.4527,0,0.9857,0.02415,0.28701,0.4388,1.7946,69.6925,241.0271,0.58093,0.641229,0.58204,1089.1,10,44
UHTM-147,NbC,synthetic,Tape Casting + Sintering,FCC,3469.6,785.4,8.951,-127.177,3.3642,1.1304,0.0245,5.6588,0.7691,1082780,1.16096455986211E+024,3.8948,447.78,32.324,3.9015,271.179,0.1916,911.2,48.738,5.0385,288.03,19.635421812,2629.9,17514.9595,1086.3,2.2335008E-12,161.401,1.226894E-10,1.9561,2.05759E-15,3.65,99.9,0.1146,305.19,120462153911.68,0.7501,1.67364,0,0.8113,0.05441,0.15191,0.4487,1.4539,70.8795,369.4,0.48324,0.796765,0.88827,1016.5,10,47
UHTM-148,HfN,synthetic,Spark Plasma Sintering,FCC,3319.2,765.7,9.0472,-138.561,3.3801,1.2151,0.0593,6.2985,0.9937,1056964,2.14299060257006E+024,4.1059,440.25,35.34,3.3886,254.172,0.2061,1105,52.282,5.2327,237.62,15.150886534,2490.7,23943.7253,1130.5,3.09042571E-12,165.953,1.454966E-10,2.3504,1.21272E-15,5.509,99.9,0.1075,439.15,70934844297.9812,0.8193,1.52027,0,0.9242,0.05224,0.21453,0.4633,0.7541,68.6325,281.1781,0.55398,0.797685,0.7776,989.7,10,42
UHTM-149,ZrN,synthetic,Hot Pressing,FCC,3065.3,733.3,9.3096,-139.597,3.4747,1.4572,0.0363,6.5269,0.9727,1130361,1.1426501823794E+024,4.5102,468.25,36.936,3.5268,272.362,0.2116,1040,53.946,5.1378,309.32,24.445551315,2322.5,25226.7384,1222.8,3.33824122E-12,171.741,1.482589E-10,2.4621,1.74659E-15,4.27,99.9,0.1028,387.79,112150567355.366,0.9288,1.56269,0,0.9713,0.03408,0.17493,0.5034,1.514,74.1472,276.0772,0.53478,0.697961,0.68239,1061.6,10,44
UHTM-150,TaN,synthetic,Arc Melting,HEX,3158.9,764.4,9.4459,-132.942,3.4331,1.2529,0,7.3576,0.8989,1172843,2.69294420140368E+024,4.0231,482.67,37.711,3.4204,269.234,0.21,1124.4,60.592,4.8975,228.49,14.665032102,2327.5,33636.3021,1184.3,2.99943576E-12,156.129,1.163681E-10,2.5222,1.67432E-15,4.765,99.9,0.115,378.86,80338939429.2182,0.8233,1.61726,0,0.854,0.22781,0.21738,0.4639,0.7751,79.8,326.8555,0.45189,0.80196,0.75633,1105,10,48
UHTM-151,HfC:Y,synthetic,Chemical Vapor Deposition,FCC,3854.5,886.2,8.0246,-116.845,3.4195,1.1192,0.0766,5.5551,0.6324,841052,1.74135294911469E+024,4.4033,479.34,35.653,3.676,274.328,0.204,1034.6,47.763,4.3063,223.8,17.308390002,2967.9,20901.3196,1201.6,2.91717951E-12,159.826,1.155976E-10,2.0744,1.85137E-15,4.481,99.9,0.1,282.19,103577909464.78,0.8516,1.69631,0,0.9499,0.04116,0.24512,0.4603,0.817,78.6459,286.1666,0.5334,0.654779,0.98637,982.4,10,52
UHTM-152,ZrC:La,synthetic,Reactive Sintering,FCC,3495.2,869.1,7.9278,-114.221,3.5067,1.0362,0.064,5.5088,0.817,1012438,1.04962819835052E+024,4.2933,466.79,38.098,3.614,261.147,0.2089,1000.2,47.414,5.3491,317.73,24.384132798,2651.5,16136.3995,1188.8,3.24662731E-12,157.515,1.089137E-10,2.162,1.55835E-15,4.073,99.9,0.1102,375.21,141852533774.085,0.8237,1.70305,0,0.8637,0.08023,0.22389,0.4911,1.4967,80.8882,288.952,0.49831,0.707308,0.96869,1113.3,10,48
UHTM-153,TaC:W,synthetic,Pressureless Sintering,FCC,3825.7,912,9.0916,-115.572,3.3394,1.1348,0.0554,5.718,0.6298,1001283,2.31901928193932E+024,4.0912,473.47,36.381,4.1795,270.221,0.1919,1144,49.461,4.4963,225.26,15.374103088,2968.5,30557.1756,1119.5,2.61767284E-12,163.72,9.71185E-11,1.9343,2.46653E-15,5.232,99.9,0.1,373.04,83743925045.1928,0.7963,1.61557,0,0.637,0.18584,0.13566,0.5993,0.9048,76.7051,323.9044,0.49801,0.804842,0.90507,1100,10,46
UHTM-154,HfB2:Al,synthetic,Tape Casting + Sintering,HEX,3482.5,814.7,5.9852,-93.162,3.5465,0.893,0.2304,4.2023,0.4708,678193,1.14708074135425E+024,3.5987,433.63,29.118,4.2409,273.887,0.2094,994.9,38.909,4.8247,247.82,15.16027624,2493.3,19079.6362,1121.2,2.02157491E-12,149.244,1.013793E-10,1.6846,2.85678E-15,5.582,98.473,1.1078,411.55,77568789929.0907,0.5745,1.30213,0,0.7469,0.23056,0.1297,0.4843,0.6947,95.535,345.6318,0.51426,0.464816,0.71051,911.6,10,53
UHTM-155,ZrB2:Y,synthetic,Spark Plasma Sintering,HEX,3299.7,791.5,6.0098,-84.299,3.4851,1.0656,0.1769,4.4185,0.5593,680654,6.16278221532535E+023,4.205,427.39,29.366,4.2651,244.262,0.1973,964.2,40.645,5.5862,302.09,20.422649929,2549.8,15274.2759,1115.1,2.05052646E-12,149.978,7.97465E-11,1.5212,4.0651E-15,4.853,99.9,0.1077,360.48,81751534572.0267,0.7075,1.31933,0,0.706,0.03139,0.0921,0.4758,1.3582,85.6441,381.4263,0.48548,0.493755,0.79248,1004.2,10,50
UHTM-156,TiC:Nb,synthetic,Hot Pressing,FCC,3101.3,741,8.0409,-148.808,3.5883,1.3257,0.0482,5.7646,0.9865,1018792,6.88041635460231E+023,4.3674,429.92,34.398,3.3991,291.906,0.2194,918.5,48.721,5.7368,365.79,26.017906915,2378.1,18920.4945,1140.1,2.98726545E-12,160.922,1.973829E-10,2.426,1.85329E-15,3.652,99.9,0.1206,340.33,134464812908.858,0.8525,1.47658,0,0.826,0.33548,0.27928,0.3832,1.5247,78.2469,307.0265,0.53857,0.671622,0.67573,1052.9,10,49
UHTM-157,NbC:Ta,synthetic,Arc Melting,FCC,3796,848.3,8.4879,-129.108,3.4939,1.16,0.0445,6.5995,0.7131,923145,1.23830548359794E+024,3.9212,526.28,35.361,3.622,323.559,0.2068,1112.6,55.751,4.7207,252.51,27.704544946,2714.1,19702.5059,1271.5,2.6068614E-12,151.436,1.271038E-10,2.2425,2.17363E-15,4.636,99.9,0.1,275.85,96409541202.2362,0.757,1.654,0,0.7749,0.02997,0.15138,0.5332,1.3257,88.0921,295.6376,0.4684,0.789551,1.13777,1156.6,10,44
UHTM-158,HfN:Zr,synthetic,Chemical Vapor Deposition,FCC,3506.3,811.5,8.9423,-145.331,3.4588,1.5097,0.0539,5.7548,1.024,1258163,2.20008580648459E+024,4.3673,485.16,37.931,3.3334,293.789,0.2159,1164.2,48.321,5.3704,275.31,12.476319169,2616.3,21596.2104,1242.4,3.49281961E-12,163.64,1.635489E-10,2.549,1.86234E-15,5.166,99.9,0.1143,568.91,82455798961.7184,0.8901,1.59049,0,0.9886,0.03219,0.19389,0.523,0.7005,78.1368,313.245,0.53588,0.830654,0.83476,1123.3,10,53
UHTM-159,ZrN:Hf,synthetic,Reactive Sintering,FCC,2948.6,762.8,9.3203,-137.82,3.5175,1.4083,0.0352,6.8844,1.0683,1125914,1.22218352150327E+024,3.8685,428.67,39.347,3.5324,246.165,0.2168,1031.3,56.55,5.5714,308.3,27.860546437,2144.7,25058.2357,1120.1,3.71270996E-12,171.976,1.435195E-10,2.5685,1.63879E-15,4.262,99.9,0.1242,384.16,128224536492.465,0.755,1.47116,0,1.0842,0.05698,0.19026,0.4665,1.5401,74.01,247.9278,0.57266,0.736045,0.62505,1127.8,10,45
UHTM-160,TaN:Nb,synthetic,Pressureless Sintering,HEX,3150.8,741.1,9.535,-148.007,3.447,1.2943,0,6.5547,0.9173,1192229,3.01581327860838E+024,4.221,489.97,36.304,3.4662,304.278,0.2117,1136.5,54.741,4.9845,231.64,14.983453127,2361.1,27355.8593,1203.8,2.81131998E-12,157.908,1.517652E-10,2.5577,1.79109E-15,5.03,99.9,0.1197,413.18,93588030591.7679,0.8778,1.7039,0,0.9431,0.0503,0.19534,0.5164,0.6901,81.5323,278.2273,0.48726,0.806266,0.77099,1164.4,10,52
UHTM-161,HfC:Y,synthetic,Tape Casting + Sintering,FCC,3831.4,904.5,8.1058,-118.974,3.4803,1.0115,0.0997,5.5904,0.8695,938077,1.65916953306265E+024,3.8843,453.09,36.091,3.728,264.031,0.2113,1052.5,48.028,5.6458,244.9,15.002856043,2840.2,18158.405,1132.4,2.97615141E-12,161.764,1.2102E-10,2.2049,1.4711E-15,4.962,99.9,0.1246,394.38,80406710836.974,0.7204,1.76144,0,0.8468,0.00996,0.26077,0.4908,0.8106,81.2748,337.7506,0.50098,0.843702,0.94272,1110.9,10,45
UHTM-162,ZrC:La,synthetic,Spark Plasma Sintering,FCC,3417,853.9,8.8191,-123.247,3.5748,1.3536,0.1116,5.2652,0.8205,957302,9.81064635543701E+023,3.804,472.45,38.219,4.1847,285.199,0.217,1168,45.584,5.3689,303.14,22.674343749,2420.6,21133.4924,1209,3.26286212E-12,178.799,1.319034E-10,2.3063,2.67905E-15,5.136,99.9,0.1111,424.93,88039515269.0883,0.7001,1.45763,0,0.9225,0.0443,0.2405,0.4796,1.5809,86.8088,302.5956,0.56915,0.696196,0.85395,1088.3,10,54
UHTM-163,TaC:W,synthetic,Hot Pressing,FCC,3890,866.5,8.9641,-137.053,3.4386,1.0816,0.0512,4.9573,0.6635,1091930,2.37430902512838E+024,3.571,515.29,34.374,4.0992,348.751,0.2036,1104.4,43.757,4.7012,242.09,13.017373271,2721.2,18471.6582,1222,2.38467873E-12,160.997,1.437931E-10,2.1492,2.22591E-15,5.152,96.117,3.9272,437.92,89777145629.9892,0.663,1.75867,0,0.7995,0.0982,0.10887,0.5197,0.7242,88.9112,335.6519,0.45009,0.818718,1.00937,1138.8,10,53
UHTM-164,HfB2:Al,synthetic,Arc Melting,HEX,3401.5,831.9,5.8137,-88.075,3.4958,0.8742,0.1611,4.8183,0.4794,733209,1.19864645048416E+024,4.1817,410.76,30.109,4.0716,245.27,0.2036,913.1,43.856,4.899,264.46,16.874176993,2680.3,20305.4959,1062.5,2.1369622E-12,144.124,8.89626E-11,1.6059,2.72543E-15,4.567,99.9,0.1,393.69,114123084437.515,0.7024,1.2677,0,0.7272,0.10082,0.11832,0.5288,0.7133,88.6374,347.7568,0.51922,0.466587,0.61622,1037.4,10,56
UHTM-165,ZrB2:Y,synthetic,Chemical Vapor Deposition,HEX,3348.8,814.7,6.265,-93.586,3.4845,1.0295,0.2479,4.7653,0.5307,729414,7.09697661018488E+023,3.772,441.72,30.617,4.517,280.261,0.1973,1080.3,43.43,5.34,320.01,24.398057196,2417.6,18465.417,1152.2,2.19621868E-12,157.595,1.024122E-10,1.5204,3.81267E-15,5.681,99.9,0.1,484.78,85526201173.0878,0.6125,1.32768,0,0.6989,0.22124,0.11628,0.5079,1.2689,87.0213,334.3488,0.48479,0.478928,0.73771,988.7,10,47
UHTM-166,TiC:Nb,synthetic,Reactive Sintering,FCC,3185.3,761.5,8.0425,-126.877,3.6109,1.433,0.0968,5.474,0.8469,946235,6.73888216566878E+023,4.6957,455.58,35.719,3.4,263.738,0.2221,1082.9,46.565,5.0318,343.8,25.799188796,2478.4,21279.0166,1207.4,3.18690703E-12,160.96,1.373428E-10,2.4768,2.13693E-15,5.027,99.9,0.1,406.52,79705938706.2691,0.9375,1.51625,0,0.8169,0.02739,0.28116,0.445,1.8438,82.2361,298.3255,0.56564,0.620466,0.79185,1206.1,10,51
UHTM-167,NbC:Ta,synthetic,Pressureless Sintering,FCC,3664.8,848.4,7.8134,-125.78,3.4231,1.3105,0.0497,6.183,0.8294,1046287,1.21081570190014E+024,3.8811,498.92,35.876,3.215,298.827,0.1985,1126.6,52.646,5.38,279.91,22.96954634,2660.7,20336.121,1208,2.67022263E-12,136.923,1.194962E-10,2.0863,2.76284E-15,5.023,99.9,0.1326,392.3,81632419210.364,0.7466,1.70163,0,0.8332,0.07105,0.14664,0.4933,1.2141,79.7958,337.8976,0.47791,0.86844,0.92979,1098.5,10,43
UHTM-168,HfN:Zr,synthetic,Tape Casting + Sintering,FCC,3581.9,818.1,8.6793,-156.75,3.551,1.375,0.0407,6.4038,0.9482,1049213,2.09502794693052E+024,3.8864,517.9,38.629,3.1949,338.255,0.2273,1121.5,53.049,5.0264,236.17,15.048757293,2455.7,24044.6245,1327.5,3.60116876E-12,157.838,1.939994E-10,2.7814,1.56528E-15,4.521,99.9,0.1,355.13,90939689313.0906,0.7598,1.66186,0,0.9924,0.18923,0.2085,0.4994,0.6136,88.0908,290.3672,0.49113,0.780777,0.88472,1178.2,10,49
UHTM-169,ZrN:Hf,synthetic,Spark Plasma Sintering,FCC,2916.4,742.5,8.285,-139.486,3.475,1.3775,0.0456,5.3812,0.9683,1046441,1.13514047351135E+024,4.0399,446.68,38.826,2.9873,259.608,0.2117,1096.9,45.6,5.1176,289.98,21.867845639,2124.5,23383.7238,1172,3.6317703E-12,149.142,1.479622E-10,2.4631,1.5707E-15,4.781,98.745,1.278,373.52,93425745006.553,0.8014,1.45261,0,0.9724,0.03466,0.19545,0.4789,1.2837,72.4469,260.3843,0.59702,0.673139,0.70844,1084,10,51
UHTM-170,TaN:Nb,synthetic,Hot Pressing,HEX,3068.5,743.6,9.5688,-155.959,3.3187,1.3876,0,6.4164,0.8724,1256501,3.00241477353128E+024,4.4255,456.73,36.428,3.4836,298.874,0.1961,1052.3,53.734,4.7729,242.07,13.999395944,2423.3,25451.9018,1121.8,2.82793797E-12,158.583,1.704491E-10,2.2316,2.05461E-15,4.539,99.9,0.1083,412.5,108242724715.244,0.934,1.59391,0,0.8894,0.0372,0.23377,0.4972,0.6519,68.6817,292.7575,0.51391,0.778763,0.6958,1113.3,10,48
UHTM-171,HfC:Y,synthetic,Arc Melting,FCC,3767.7,876.2,7.9974,-126.835,3.4449,1.2442,0.0965,5.9558,0.7824,974695,1.84352746393719E+024,4.1013,452.38,35.051,3.6586,281.033,0.2071,1071.7,50.774,5.1534,252.86,17.433921262,2863.5,23411.648,1134,2.83615147E-12,159.176,1.410409E-10,2.1289,2.29273E-15,4.914,99.9,0.1007,421.09,100876416529.847,0.7752,1.60617,0,0.8227,0.10665,0.24991,0.5137,0.7368,78.4113,297.4322,0.50967,0.767032,0.78125,986.7,10,49
UHTM-172,ZrC:La,synthetic,Chemical Vapor Deposition,FCC,3380.7,831.8,8.6597,-119.055,3.4348,1.2101,0.1342,5.0381,0.8725,775131,9.65439717198378E+023,4.0038,438.81,36.046,4.0826,255.882,0.2004,1174.7,43.877,5.6628,254.93,25.457385987,2535.2,18338.6719,1119.2,2.97011154E-12,174.993,1.212255E-10,2.0094,2.17227E-15,5.937,98.687,1.6463,307.38,68598075797.2124,0.7506,1.51062,0,0.9333,0.00884,0.28287,0.4633,1.6079,72.8912,261.3873,0.49134,0.743939,0.79898,1052.6,10,44
UHTM-173,TaC:W,synthetic,Reactive Sintering,FCC,3837.5,927.4,8.7304,-125.342,3.4827,1.1874,0.0363,6.2944,0.6312,1100493,2.27955206138139E+024,3.9677,486.85,37.613,3.9521,301.348,0.2088,1061.2,53.783,4.5052,243.68,15.13804483,2896.4,25397.3109,1152.7,2.76075588E-12,156.001,1.183478E-10,2.2448,2.70476E-15,4.273,99.9,0.1,368.78,109575842715.373,0.7647,1.63685,0,0.7425,0.04893,0.13539,0.5209,0.776,90.2666,358.487,0.45678,0.797047,0.93601,1073.9,10,55
UHTM-174,HfB2:Al,synthetic,Pressureless Sintering,HEX,3304.5,822.7,5.8453,-92.804,3.402,0.9664,0.1355,4.0116,0.5474,714130,1.1426046781605E+024,4.038,428.47,31.092,4.1028,269.583,0.1928,924.3,37.378,5.4833,258.68,13.886524765,2498.6,14645.3157,1117.9,2.25150899E-12,145.068,1.005036E-10,1.4601,3.37045E-15,4.425,96.726,3.3699,362.28,109058961624.77,0.6709,1.19537,0,0.8178,0.2608,0.10968,0.4734,0.6752,82.3079,359.6717,0.50217,0.474886,0.65751,977.2,10,50
UHTM-175,ZrB2:Y,synthetic,Tape Casting + Sintering,HEX,3216.1,846.9,6.1551,-91.252,3.4596,0.9261,0.2588,4.6679,0.5119,705090,6.30255490536995E+023,4.1828,423.72,33.198,4.4086,262.135,0.1945,1096.6,42.648,5.1785,311.07,21.384520348,2479.2,25783.2163,1110.1,2.49679017E-12,154.315,9.67155E-11,1.4822,3.0887E-15,5.909,99.9,0.1,471.63,63811249498.8475,0.7027,1.23628,0,0.7083,0.15525,0.09703,0.438,1.2762,83.0896,379.4483,0.50889,0.454534,0.63504,1087.2,10,42
UHTM-176,TiC:Nb,synthetic,Spark Plasma Sintering,FCC,3232.2,753.1,7.3023,-121.176,3.3772,1.2289,0.0958,5.584,0.8168,919237,7.84090266465278E+023,4.6737,465.68,34.915,2.9583,257.471,0.1941,1078.6,47.381,4.8802,335.62,32.226007976,2488.3,20487.3633,1232.9,3.06534856E-12,143.11,1.21736E-10,1.9524,1.59731E-15,4.797,99.9,0.1,365.88,115064970261.259,0.9318,1.4094,0,0.8928,0.05368,0.28643,0.4591,1.6963,65.5386,231.5538,0.56088,0.60893,0.82478,1125.2,10,46
UHTM-177,NbC:Ta,synthetic,Hot Pressing,FCC,3662.8,878.9,8.8025,-121.419,3.4387,1.0871,0.0433,5.3554,0.6892,1130238,1.16053819684988E+024,3.9234,481.79,37.253,3.8118,278.561,0.2003,1074.8,46.476,4.5853,298.58,18.053782846,2716.7,25261.5369,1163.8,2.83952015E-12,158.205,1.095292E-10,2.1207,1.88795E-15,4.654,98.798,1.0915,422.54,83588720778.178,0.7576,1.5934,0,0.7591,0.13054,0.13442,0.4616,1.502,79.7049,384.8778,0.4825,0.771308,0.87071,996.8,10,48
UHTM-178,HfN:Zr,synthetic,Arc Melting,FCC,3482.1,813.5,9.4923,-142.218,3.2614,1.3222,0.0604,6.7231,0.9575,1119019,2.25625030190896E+024,3.9855,504.53,39.025,3.623,298.972,0.1914,1231.3,55.374,5.0687,249.25,16.277614554,2436.8,28787.3659,1297.1,3.66258124E-12,175.77,1.552476E-10,2.0509,1.44877E-15,5.596,99.9,0.1,498.59,76935119305.8258,0.7866,1.58291,0,0.9407,0.00124,0.1822,0.4183,0.7814,64.1116,271.5953,0.58162,0.770837,0.87052,1289.6,10,47
UHTM-179,ZrN:Hf,synthetic,Chemical Vapor Deposition,FCC,2963.1,812.3,8.4643,-143.464,3.3677,1.2511,0.0439,5.7886,0.9312,1009723,1.26479368156414E+024,4.2226,448.15,43.672,3.0817,267.887,0.1986,1145.3,48.567,4.9491,281.52,27.28705656,2206.5,25642.4398,1173.2,4.38423295E-12,153.096,1.585709E-10,2.1961,1.29215E-15,4.697,99.9,0.1,340.9,118121276169.623,0.8509,1.48452,0,1.0565,0.01806,0.17948,0.3911,1.2801,64.7018,214.6697,0.55778,0.665402,0.77954,1198.5,10,40
UHTM-180,TaN:Nb,synthetic,Reactive Sintering,HEX,3279.1,741.7,10.297,-147.438,3.4684,1.2326,0,6.2657,0.7993,1205204,2.93499753719695E+024,4.1843,538.92,36.347,3.8574,333.385,0.2143,1268.3,52.635,4.4281,233.74,13.820649545,2350.6,31909.6388,1324,2.81712256E-12,173.117,1.504273E-10,2.612,1.61692E-15,5.919,99.9,0.1,496.61,69498426940.5605,0.8677,1.60595,0,0.958,0.05784,0.1994,0.5141,0.7716,87.3225,292.4106,0.45742,0.730312,0.79816,1120.5,10,37
UHTM-181,HfC:Y,synthetic,Pressureless Sintering,FCC,3989.8,861.1,8.1252,-123.588,3.4901,1.2028,0.1136,5.6899,0.7032,886306,1.74010697116547E+024,3.9006,492.56,33.237,3.7404,298.163,0.2125,1128.4,48.775,4.7063,233.64,16.916358587,2869.9,24448.7449,1229.3,2.59164148E-12,162.229,1.327721E-10,2.2261,2.14672E-15,5.227,99.9,0.1,369.42,82085475654.462,0.7245,1.68831,0,0.9597,0.07109,0.29952,0.4749,0.7769,85.553,300.3914,0.55543,0.731014,1.01555,1099.9,10,51
UHTM-182,ZrC:La,synthetic,Tape Casting + Sintering,FCC,3354.1,792.4,7.8241,-114.321,3.5118,1.2894,0.0902,6.1146,0.7755,863269,9.51799624592298E+023,3.9022,436.94,33.741,3.5476,244.66,0.2095,1027.3,51.967,5.1144,278.25,27.155571601,2486,24632.758,1115.7,2.65963583E-12,155.038,1.091686E-10,2.1728,2.45237E-15,4.743,99.9,0.1,316.63,93346272400.3445,0.7249,1.45711,0,0.9272,0.09125,0.28327,0.469,1.4677,78.6513,291.0939,0.56266,0.678039,0.7277,1062,10,50
UHTM-183,TaC:W,synthetic,Spark Plasma Sintering,FCC,3849.4,814.4,8.8618,-123.81,3.3589,1.245,0.0716,5.6502,0.5905,1019009,2.29570523150146E+024,4.0111,465.98,30.191,4.0348,284.904,0.1942,1145.1,48.953,4.2575,228.55,14.816019757,2980.6,28134.2016,1099.5,1.89884975E-12,158.809,1.150186E-10,1.9765,2.96573E-15,6.091,99.779,0.1714,450.63,65323474801.8542,0.7758,1.52659,0,0.7567,0.06533,0.15228,0.5108,0.804,77.7574,334.1672,0.51974,0.780404,0.87957,999.1,10,42
UHTM-184,HfB2:Al,synthetic,Hot Pressing,HEX,3427.9,792.2,6.581,-91.202,3.4437,0.8786,0.1758,4.5222,0.5687,742407,1.21184050851416E+024,3.9086,436.08,28.473,4.829,269.633,0.1976,924,41.478,5.6672,267.24,15.999662259,2542.6,17026.6068,1131.4,1.94642035E-12,167.028,9.65943E-11,1.5249,2.75595E-15,4.819,99.9,0.1114,425.39,107515314357.473,0.6425,1.27496,0,0.7496,0.20463,0.09743,0.459,0.8113,86.7195,345.3919,0.47191,0.517702,0.6956,991.6,10,48
UHTM-185,ZrB2:Y,synthetic,Arc Melting,HEX,3236.8,763.8,5.9637,-90.977,3.4905,0.9124,0.2297,4.6544,0.5431,746250,5.84980709184018E+023,3.9277,415.36,28.061,4.2197,256.191,0.198,973.8,42.54,5.4468,326.2,18.571844493,2440.9,19915.7375,1085.3,1.89847448E-12,148.604,9.60457E-11,1.5296,2.99267E-15,5.593,99.9,0.1012,498.66,58872183801.1748,0.6467,1.26914,0,0.7219,0.20059,0.10862,0.5163,1.226,84.8967,442.2544,0.50607,0.481846,0.63945,938,10,63
UHTM-186,TiC:Nb,synthetic,Chemical Vapor Deposition,FCC,3206.6,778.9,8.3119,-138.606,3.4285,1.3206,0.106,5.9105,0.8082,970151,7.64350762661214E+023,4.1043,462.4,36.93,3.5608,292.432,0.2003,1128.2,49.805,4.8365,351.05,31.42499695,2317.2,23867.8291,1225.3,3.37004942E-12,167.457,1.694541E-10,2.0676,1.8396E-15,5.127,99.9,0.1,435.43,99344589770.6143,0.7843,1.3946,0,1.0511,0.18222,0.25103,0.4273,1.7369,69.1594,251.2667,0.49772,0.600944,0.78948,1089,10,43
UHTM-187,NbC:Ta,synthetic,Reactive Sintering,FCC,3739.6,867.4,8.5002,-131.254,3.5744,1.1387,0.063,6.2368,0.7044,1104888,1.17212972763755E+024,3.9546,494.61,36.126,3.6294,309.142,0.2163,1201.1,53.047,4.6717,292.94,21.259472215,2759.2,24663.9709,1192.8,2.70095276E-12,151.7,1.320085E-10,2.4205,2.08994E-15,5.53,99.9,0.1,480.86,65955393769.6432,0.7656,1.56415,0,0.7777,0.0005,0.13599,0.5411,1.3025,92.1764,372.6987,0.4836,0.792458,1.17536,1089,10,56
UHTM-188,HfN:Zr,synthetic,Pressureless Sintering,FCC,3525.7,891.9,8.7516,-147.306,3.4877,1.3121,0.0656,5.9694,0.9095,1091616,2.20579360263818E+024,4.0899,474.5,42.945,3.233,291.235,0.2194,1286.6,49.885,4.8507,244.11,14.571092434,2574.7,27432.394,1212.1,4.27143078E-12,159.434,1.688163E-10,2.6217,1.42655E-15,5.833,99.9,0.1,495.56,69089161574.2731,0.8149,1.49007,0,1.0501,0.0665,0.1779,0.4293,0.6685,79.4777,277.2742,0.52751,0.77567,0.81492,1108,10,46
UHTM-189,ZrN:Hf,synthetic,Tape Casting + Sintering,FCC,2980.7,783.5,9.5195,-143.495,3.4625,1.3739,0.0503,5.7428,0.9814,1018071,1.12392892218667E+024,4.5613,436.96,40.801,3.6373,261.257,0.2101,1139.5,48.234,5.1773,283.44,23.383502182,2334.7,22740.3813,1141.1,3.93847294E-12,176.37,1.586528E-10,2.4318,1.56284E-15,4.973,99.9,0.1048,367.21,86303642637.3794,0.9427,1.4899,0,1.05,0.0191,0.21104,0.4634,1.5105,70.7448,259.6385,0.59453,0.703165,0.67696,1146,10,39
UHTM-190,TaN:Nb,synthetic,Spark Plasma Sintering,HEX,3127.6,765.7,9.3231,-131.124,3.4183,1.2433,0,6.7462,0.9188,1206959,3.02034076467536E+024,4.3759,442.73,36.878,3.3574,243.578,0.2082,1054,56.136,4.9916,234.03,15.235733227,2494.1,26636.6437,1082.6,2.88804164E-12,153.679,1.120959E-10,2.4847,1.64717E-15,4.626,99.9,0.1201,389.26,106423152471.146,0.9204,1.6906,0,1.0547,0.25563,0.21109,0.5644,0.7737,75.2884,281.8593,0.46406,0.837149,0.7318,1127.2,10,46
UHTM-191,HfC:Y,synthetic,Hot Pressing,FCC,3800.3,843.7,8.0186,-125.131,3.4504,1.1975,0.1092,5.1197,0.6776,986376,1.61642075693053E+024,3.6814,462.81,33.113,3.6722,283.652,0.2077,1090.6,44.49,4.5617,255.4,12.909286904,2716.6,25258.374,1160.2,2.57503601E-12,159.683,1.36702E-10,2.1408,2.12793E-15,5.312,98.968,0.7416,465.79,68623570342.675,0.6691,1.6178,0,0.8608,0.06886,0.27788,0.4997,0.7515,79.752,365.4698,0.47608,0.693434,0.90479,1093.6,10,48
UHTM-192,ZrC:La,synthetic,Arc Melting,FCC,3330.8,806.8,7.7992,-123.772,3.34,1.0948,0.0864,4.2912,0.7863,983772,9.91515038707667E+023,3.9091,470.3,36.033,3.5317,285.11,0.1892,1049.5,38.264,5.1755,310.14,18.840441334,2387.5,15894.2909,1208.4,2.96839162E-12,154.443,1.332399E-10,1.8084,1.76497E-15,4.728,95.295,4.7857,412.44,101779582118.111,0.7266,1.43856,0,0.9407,0.0563,0.26837,0.4661,1.3275,67.9138,303.6474,0.50775,0.657225,0.81656,1152.5,10,43
UHTM-193,TaC:W,synthetic,Chemical Vapor Deposition,FCC,3837.5,827.1,8.7957,-123.15,3.4082,1.1374,0.0701,6.3648,0.6526,1134354,2.55107578366532E+024,3.5771,493.07,31.859,3.9932,299.857,0.2,1183.5,54.31,4.635,249.97,17.038957634,2737.2,28028.9375,1168.4,2.09260472E-12,157.397,1.135848E-10,2.0833,2.47858E-15,5.959,99.9,0.1,544.7,82669271685.4858,0.6646,1.62411,0,0.9815,0.07258,0.15633,0.5609,0.8008,84.308,314.1308,0.40463,0.813144,1.07225,1092.6,10,49
UHTM-194,HfB2:Al,synthetic,Reactive Sintering,HEX,3318.3,869.8,6.0086,-82.85,3.3999,0.9886,0.2055,4.8254,0.5654,735881,1.05670803393959E+024,3.7671,399.58,32.631,4.264,224.444,0.1926,1016.6,43.913,5.6383,265.26,14.47674187,2502.6,19907.3354,1036.3,2.43069418E-12,149.943,7.62111E-11,1.457,3.52627E-15,5.041,99.9,0.1101,437.56,76308767150.6003,0.6115,1.2842,0,0.732,0.00143,0.09522,0.4916,0.8043,79.3136,412.4507,0.51878,0.519096,0.56342,982.6,10,52
UHTM-195,ZrB2:Y,synthetic,Pressureless Sintering,HEX,3318.2,833.6,6.2166,-83.716,3.4209,0.8773,0.1854,3.6493,0.5481,720767,6.63958677028035E+023,3.9004,425.92,31.481,4.4693,241.741,0.1901,955,34.469,5.4893,316.83,18.067231229,2473.8,15034.7994,1109.9,2.29674131E-12,156.151,7.83246E-11,1.4227,2.74679E-15,4.997,95.409,4.738,416.66,91209632178.3747,0.6407,1.32193,0,0.6754,0.02458,0.11888,0.5003,1.4352,79.9623,361.9538,0.44837,0.491891,0.5655,1055.3,10,50
UHTM-196,TiC:Nb,synthetic,Tape Casting + Sintering,FCC,3127.1,751.1,8.0006,-138.424,3.4901,1.283,0.1037,5.1476,0.8526,1001608,6.86422280616932E+023,3.926,452.68,35.57,3.375,285.913,0.2076,1097.5,44.143,5.0609,360.59,23.845204,2226.2,17345.9289,1202.9,3.16434512E-12,159.951,1.689568E-10,2.2057,1.74036E-15,5.071,99.9,0.1,457.74,81784009387.0193,0.7382,1.36123,0,0.8071,0.16407,0.30568,0.4343,1.6488,73.002,303.2212,0.55635,0.612371,0.74967,1013.7,10,41
UHTM-197,NbC:Ta,synthetic,Spark Plasma Sintering,FCC,3442.9,769.2,8.5826,-125.751,3.5949,1.2086,0.0365,6.4546,0.7039,1057139,1.28885305682357E+024,3.7882,454.2,31.761,3.6792,271.978,0.2187,972.7,54.671,4.6689,282.32,25.493837345,2556,23861.1329,1104.2,2.16427773E-12,153.474,1.194304E-10,2.4656,2.36369E-15,4.177,99.9,0.1,333.08,122139875295.868,0.7225,1.64432,0,0.909,0.0792,0.13279,0.5233,1.3897,89.9764,309.8942,0.4217,0.749335,0.91692,995.9,10,55
UHTM-198,HfN:Zr,synthetic,Hot Pressing,FCC,3475.5,864.1,8.6927,-148.907,3.4714,1.3741,0.0403,7.1623,0.9065,1002799,2.23774033855953E+024,4.0692,477.23,41.736,3.202,296.096,0.2174,1123.7,58.574,4.8374,227.48,18.68037362,2520.3,28994.0493,1222.6,4.08357884E-12,158.134,1.730848E-10,2.5808,1.56327E-15,4.529,99.9,0.1,323.98,103950870191.782,0.8093,1.42637,0,0.8324,0.09917,0.20747,0.4644,0.6536,78.4631,251.9251,0.53369,0.758222,0.73836,1121.9,10,40
UHTM-199,ZrN:Hf,synthetic,Arc Melting,FCC,2881.3,728.3,8.937,-144.204,3.4381,1.3479,0.062,6.1602,1.0323,1048464,1.1117400483005E+024,4.3838,451.43,38.335,3.3306,271.239,0.2072,1186.9,51.275,5.408,290.45,23.940988867,2171.8,27320.813,1187.3,3.55544387E-12,163.522,1.605437E-10,2.3712,1.50546E-15,5.446,99.9,0.1161,427.14,73640494520.2049,0.8946,1.48928,0,0.9508,0.03263,0.19716,0.4258,1.375,70.1157,268.9564,0.58694,0.692284,0.49446,1180.1,10,38
UHTM-200,TaN:Nb,synthetic,Chemical Vapor Deposition,HEX,3012.4,800.2,9.9237,-143.213,3.4556,1.428,0,6.3098,0.8413,1123889,3.00557086419059E+024,4.1371,446.27,41.037,3.6658,268.158,0.2128,1110.3,52.956,4.6259,220.55,15.162083573,2317,27359.8489,1097.6,3.44422686E-12,165.667,1.404999E-10,2.5794,2.16883E-15,4.51,99.9,0.1003,328.55,109501109646.393,0.8547,1.61186,0,0.9522,0.10702,0.21403,0.4805,0.7592,78.4705,265.9433,0.49146,0.750735,0.759,1202.1,10,52
