Formula,x_Hf,x_Zr,x_Ta,x_Nb,x_Ti,x_C,x_B,x_N,x_Si,Tm_K,OxRes,Toughness,Roost_MatBERT_CosineSim,LitTheory_Gap_Flag
B0.074Hf0.075N0.649Nb0.023Si0.179,0.07471910598564369,0.0,0.0,0.023191806728917273,0.0,0.0,0.0738038042773189,0.6491546687309792,0.17913061427714094,776.5669401297898,0.5153894241263287,0.8139448401481992,-0.2195104872357323,1
B0.036C0.027Nb0.185Si0.070Ta0.064Ti0.617,0.0,0.0,0.06433298440694639,0.1848750381420991,0.6172227211686115,0.02686981990438102,0.03629890694221896,0.0,0.07040052943574303,2226.402076572154,0.2069777086331965,0.8361058610815213,-0.23868406069589487,1
B0.135Hf0.164N0.177Nb0.270Si0.135Ta0.119,0.16407070904982302,0.0,0.11909506388540268,0.27040634005026953,0.0,0.0,0.13506871454814376,0.17665611555336524,0.13470305691299572,2104.724380583495,0.5314693754858829,1.292617699282842,-0.21483805961899405,1
B0.029C0.068Hf0.235N0.408Nb0.109Ta0.122Ti0.027,0.23533967293961838,0.0,0.12230653057925142,0.10939310151575357,0.027388281161517737,0.06817576885862493,0.029439380238764804,0.4079572647064692,0.0,1727.6832449043097,0.18180878686355786,1.222260564485886,-0.40990229084373575,1
B0.099C0.015Hf0.056N0.084Si0.168Ta0.042Ti0.537,0.05618229646143133,0.0,0.041686349844131276,0.0,0.5365251321660197,0.014772456389826296,0.09875589263342978,0.08385871232304,0.16821916018212155,1899.2499333302253,0.5319736756206747,0.9576247001764553,-0.18574591238467053,1
B0.017Hf0.074N0.547Si0.032Ta0.082Ti0.199Zr0.049,0.0742073065318848,0.049472870089471876,0.08173332398681163,0.0,0.19879298845394194,0.0,0.016515461441822345,0.5473228227007293,0.031955226795338035,1099.8030897366764,0.1986437156551271,1.0572372701777157,-0.2504768791734977,1
B0.051Hf0.011N0.306Nb0.088Si0.043Ta0.193Ti0.173Zr0.136,0.010673229465921634,0.13625807318906957,0.19261677258195758,0.08848490182401565,0.17258821670077046,0.0,0.05058817724544958,0.30592700892165464,0.04286362007116081,1772.6191356519073,0.2532921018699653,1.3634918609073068,-0.30088915895723956,1
C0.032Hf0.339N0.075Ta0.048Ti0.393Zr0.113,0.33898435500113566,0.11278620605294498,0.0476979592462552,0.0,0.39345896120532714,0.03215873216372339,0.0,0.07491378633061363,0.0,2154.8611945321877,0.1679966832298904,0.9823194508176529,-0.1975610445980558,1
C0.338Hf0.055Nb0.027Si0.580,0.055176684041080774,0.0,0.0,0.027297663583231584,0.0,0.3380239962968322,0.0,0.0,0.5795016560788555,2498.1472113022332,0.9543875699340193,0.6315867116240724,-0.20014443632843615,1
B0.044Hf0.076N0.033Nb0.093Si0.068Ti0.620Zr0.067,0.07585620648918973,0.06686531198070908,0.0,0.09271660124571122,0.6196624898531335,0.0,0.044175152851079785,0.032979139475262015,0.06774509810491465,2012.2570041921774,0.29112838531511864,0.9021925306211915,-0.20165963452856395,1
B0.116C0.119Hf0.014N0.132Nb0.282Si0.049Ta0.060Ti0.228,0.014156731702325669,0.0,0.059919914193432046,0.2817530707304574,0.22781542633159768,0.11916188257141119,0.11579874080721786,0.1321720307392919,0.04922220292426628,2278.181903329123,0.3698909218028301,1.3376760184658973,-0.22863735590652867,1
B0.013C0.018Hf0.045N0.440Ta0.205Ti0.219Zr0.060,0.04468930766665724,0.06010879252922067,0.20520520481504642,0.0,0.21922406544691447,0.018072494952206395,0.013144444494411656,0.43955569009554313,0.0,1496.8338309476435,0.16888442434394332,1.124231028828356,-0.22501160708787382,1
B0.175C0.071Hf0.294N0.012Si0.106Ta0.146Ti0.052Zr0.143,0.2942874395743179,0.14292967328620484,0.14604276758085344,0.0,0.05169067077565849,0.07123188703151519,0.17541947817546308,0.012442405707047055,0.10595567786894008,2513.9137215409787,0.5551378292612651,1.233462737802881,-0.15209808349875575,1
B0.115C0.093Hf0.469N0.118Si0.163Ta0.012Zr0.030,0.46943947287522403,0.029753091856041428,0.012093923483215368,0.0,0.0,0.0930658041440312,0.11456189954698538,0.11822614557779212,0.16285966251671036,2226.689344541706,0.5584113187430734,1.0241280124527634,-0.4454100310360294,1
C0.029Hf0.125N0.532Nb0.045Ta0.036Ti0.233,0.12477424060901304,0.0,0.03583651376613155,0.04522521591274952,0.23293947873187398,0.02884233482430456,0.0,0.5323822161559272,0.0,1162.1581981088661,0.15606683155422965,0.9967117484887147,-0.23179709222391387,1
B0.018C0.051Hf0.275N0.265Si0.260Ta0.015Ti0.026Zr0.090,0.27475397086026093,0.09041234783756183,0.014891380263937902,0.0,0.025842555122900263,0.05058227303729293,0.01820183293428321,0.26496752942595153,0.2603481105178114,1704.3913610087607,0.5509000103728025,1.1758669650996236,-0.3230794645314812,1
B0.020C0.044Hf0.718N0.101Si0.117,0.7183164912913221,0.0,0.0,0.0,0.0,0.04359372342548103,0.019854938938641528,0.10074069475937958,0.11749415158517576,2244.4201229818527,0.34252615162858124,0.63584270634625,-0.3499185227799828,1
B0.138C0.196Hf0.152N0.194Nb0.081Si0.052Ta0.158Ti0.013Zr0.017,0.15236396394386723,0.016572953053558867,0.15759271025349758,0.08074376847143395,0.013191811330732266,0.19556158480938304,0.13813656507561975,0.19427439133108207,0.05156225173082521,2411.1095934727146,0.4075061185936476,1.409924098269831,-0.17655192359924543,1
B0.145C0.148Hf0.364N0.036Nb0.026Si0.174Ta0.043Ti0.043Zr0.022,0.3640151665272784,0.02207992708132613,0.042969100206004175,0.02567802283281818,0.04339959821618294,0.14783860362163148,0.14454764417923582,0.035666687252480414,0.17380525008304248,2505.4357046099203,0.6004872347773975,1.1897082963321914,-0.24446449437768347,1
B0.084C0.034Hf0.584N0.117Nb0.032Si0.031Ti0.083Zr0.035,0.5844547206442479,0.03513340700919555,0.0,0.03245883436295638,0.083392961563944,0.033726055221801665,0.0837339935729741,0.11653213769106419,0.03056788993381631,2195.3368193429014,0.3014506513368683,0.9682525715745998,-0.3386480332848134,1
C0.013Hf0.528N0.081Nb0.056Si0.023Ta0.020Zr0.279,0.5282864742293274,0.27867079371888476,0.01989478099542652,0.05630910629520184,0.0,0.01257610792277875,0.0,0.08110984220895709,0.02315289462942373,2251.946346985549,0.18112441213070588,0.8862450282222707,-0.2866979706669395,1
B0.051C0.024Hf0.435N0.091Nb0.043Si0.128Ta0.108Ti0.049Zr0.071,0.4353296544035983,0.07142140738841346,0.10777106105912465,0.042763345223087085,0.04867003348692319,0.023872919605016925,0.05143242070536978,0.09122781690317994,0.1275113412252868,2258.9630306547,0.39137353627996496,1.2538663597403557,-0.33341344658525385,1
B0.031C0.099Hf0.079N0.361Nb0.099Si0.074Ta0.076Ti0.181,0.07911235608980016,0.0,0.07597083650275818,0.0986934353047938,0.1811444535648949,0.09916969101758064,0.031220250534228635,0.3610090685116916,0.07367990847425211,1688.822791320707,0.279709744718325,1.3752930106145913,-0.2629853351811242,1
B0.019C0.052Hf0.564N0.055Nb0.048Si0.084Ti0.022Zr0.156,0.5644915596653752,0.15577791925465778,0.0,0.047995807006050065,0.021528166318321044,0.0520699624744668,0.0190618066323328,0.055468255567830756,0.08360652308096546,2338.6037652904615,0.28400032064663017,0.9789411843640798,-0.3249956888299692,1
B0.013Hf0.033N0.278Nb0.128Si0.054Ta0.032Ti0.345Zr0.116,0.03316283044444446,0.11645162895655256,0.03225214010176613,0.1276400956760946,0.3449615924670256,0.0,0.013363911113511186,0.27788512513983893,0.05428267610076648,1624.6213537990182,0.2145842867164662,1.2356628764817976,-0.20995728891233978,1
C0.130Hf0.240N0.185Si0.116Ta0.172Zr0.157,0.240030904099671,0.15724203569075504,0.17179629117517378,0.0,0.0,0.12987119575240938,0.0,0.1852301286115506,0.11582944467044007,2272.9097749705443,0.33496863412584044,1.2803352083706998,-0.3189638536451542,1
C0.040Hf0.029N0.557Si0.157Ta0.106Ti0.111,0.02929312650054155,0.0,0.1055319094851864,0.0,0.11124145595379077,0.03987766636923845,0.0,0.5566603950069235,0.15739544668431937,1102.0915535948902,0.3859402343589533,1.0339350322558494,-0.16901564703779948,1
B0.072C0.287Hf0.154N0.174Nb0.014Si0.267Zr0.032,0.15421327189294562,0.03216187537867697,0.0,0.013997036893430076,0.0,0.2871500353057036,0.07197191988529845,0.17380340372585443,0.26670245691809097,2262.876080881109,0.6464048263069355,1.1406821223081476,-0.29038974240516224,1
B0.190C0.104Hf0.027N0.250Nb0.090Si0.161Ta0.137Zr0.042,0.02690892896930026,0.041788381226052655,0.13684603641576762,0.08956009171500724,0.0,0.10408947113258654,0.19035660313209574,0.24951576073963255,0.1609347266695574,2011.02382879763,0.6582873783200566,1.3641574985537699,-0.22767484588577847,1
B0.168Hf0.029N0.311Nb0.145Si0.218Ta0.079Ti0.049,0.029338154411237938,0.0,0.07900449185095436,0.14532435979803626,0.04870327286628109,0.0,0.167866083078602,0.31149869796346036,0.21826494003142805,1614.137017950095,0.6950362333078205,1.2569871126232692,-0.3083525023261009,1
C0.108Hf0.014N0.467Nb0.102Ta0.288Ti0.021,0.01371354494211791,0.0,0.2876635682971494,0.10245739800504576,0.02117608181650779,0.10831975957879209,0.0,0.4666696473603871,0.0,1782.911948373413,0.15606683155422965,1.07555664666856,-0.2919913937400247,1
B0.094C0.059Hf0.062N0.094Nb0.123Si0.322Ta0.219Ti0.029,0.061729402401117316,0.0,0.2187293857099362,0.1230051105250776,0.029214407425776932,0.05850690062141698,0.0935148871684963,0.09364243951268172,0.3216574666354969,2276.8744826501256,0.7451180369115936,1.3312411233240526,-0.1384998090254559,1
C0.024Hf0.193N0.330Nb0.051Si0.042Ta0.202Ti0.019Zr0.139,0.19339262021325698,0.13852080215891785,0.20228666441436516,0.05147081510550498,0.01879402570623006,0.023627800513171492,0.0,0.32973155292382433,0.04217571896472917,1849.759552742785,0.19831250952315713,1.3216317999344795,-0.4310318419577721,1
C0.027Hf0.199N0.280Nb0.295Ta0.146Zr0.054,0.19860631437819573,0.053533150964412586,0.14592632737069225,0.29453486378216875,0.0,0.02732165873752171,0.0,0.280077684767009,0.0,2046.1358108426161,0.16612945888963307,1.2379183899411752,-0.30439472016632885,1
Hf0.016N0.188Nb0.323Si0.038Ta0.077Ti0.358,0.01624757236004035,0.0,0.07748687120040376,0.32250597318843033,0.35757258791011604,0.0,0.0,0.18772057065817785,0.03846642468283164,1955.9353843659248,0.18830078378828433,1.098875746832962,-0.21488003513109732,1
Hf0.271N0.250Ti0.250Zr0.228,0.2711876424801839,0.22847389680679453,0.0,0.0,0.25002736819663207,0.0,0.0,0.25031109251638956,0.0,1710.3984457584545,0.18817182374409888,0.9807352855593438,-0.23185476571120844,1
B0.253Hf0.041N0.440Nb0.121Ta0.103Ti0.042,0.04105582999688179,0.0,0.10261314877141524,0.12148946598946014,0.04244514452719658,0.0,0.2525902968051553,0.439806113909891,0.0,1484.1649043948173,0.5118222511349104,1.0761688413535193,-0.2726514272559901,1
B0.098C0.107Hf0.539Si0.026Ta0.018Ti0.025Zr0.187,0.5390405643121498,0.18719707713399522,0.017874047361445287,0.0,0.025162975400145716,0.10700312890106199,0.09803313482480479,0.0,0.025689072066397343,2587.392788129682,0.25332071443825543,0.8965000226043685,-0.36038271226069885,1
B0.020Hf0.453N0.026Nb0.028Si0.313Ta0.020Ti0.031Zr0.110,0.45261206535682424,0.109575629688024,0.019867088628724973,0.02833727189446951,0.030896301199298884,0.0,0.019867974507374455,0.02563008345282158,0.3132135852724624,2149.6833253580958,0.612736745564805,0.961270414058649,-0.23529242248786542,1
B0.024C0.048Hf0.064N0.690Si0.015Ta0.047Zr0.111,0.06434012829157085,0.11095160207204359,0.047071012448447,0.0,0.0,0.04820303079147581,0.024294971026539842,0.6900531860197269,0.015086069350196008,930.2553044548217,0.20135053621263352,0.8797873855035986,-0.223464496284012,1
Hf0.528N0.111Nb0.017Si0.083Ta0.061Ti0.140Zr0.060,0.5284180362292032,0.059730514337079425,0.060589068862624745,0.017475411348421687,0.14003494412227088,0.0,0.0,0.11083794910381542,0.08291407599658462,2123.57023129007,0.24832883595259334,1.027341270997979,-0.3529013622693291,1
B0.167C0.052Hf0.306N0.048Si0.147Ta0.120Zr0.161,0.30561315142586354,0.16080499198613235,0.11989700024911759,0.0,0.0,0.05162451566235455,0.1673623225661444,0.04811345141344639,0.1465845666969411,2367.616415167637,0.613199309542158,1.1936005816398607,-0.2675531876193862,1
B0.130Hf0.095Nb0.025Si0.155Ta0.011Ti0.573Zr0.012,0.0945125818200284,0.011528459517125817,0.011312921423771067,0.02466070867450006,0.5731315509459163,0.0,0.12998557628028898,0.0,0.15486820133836943,2045.4646669587682,0.42982941043764955,0.839472770627106,-0.23345604099883954,1
B0.037C0.153Hf0.469N0.127Nb0.087Si0.079Zr0.048,0.46923863677216787,0.047715638195006474,0.0,0.08665490157079134,0.0,0.152903109179513,0.03682244737089074,0.12741941654192832,0.07924585036970223,2391.9498074174294,0.31249570771274093,1.1030071908772425,-0.29289587424806296,1
B0.093C0.015Hf0.445N0.294Nb0.018Si0.089Ta0.029Zr0.017,0.4451524548831716,0.016977644123128938,0.029294348065775962,0.01769619371205452,0.0,0.014898882751634512,0.09261626652730606,0.29414808638120554,0.08921612355572281,1753.5888446057838,0.40409896874212026,1.0358408639103185,-0.4972188707671048,1
C0.044Hf0.354N0.098Si0.029Ta0.102Ti0.023Zr0.350,0.3539474678297587,0.34972037558423646,0.10226832264807678,0.0,0.0226191643384483,0.044446236047416716,0.0,0.0982100358570836,0.028788397694979335,2278.328492608256,0.19132080687810318,1.0657696579636267,-0.17316682092274904,1
B0.024C0.215Hf0.267N0.028Si0.333Ta0.086Ti0.010Zr0.037,0.26650491230718726,0.03695025254237889,0.08642267862445752,0.0,0.010107234491899292,0.21534674994571978,0.023901334858517937,0.027945692516776234,0.3328211447130631,2556.8615048672664,0.668158814552032,1.103312872395029,-0.26186950226548333,1
B0.066C0.131N0.267Nb0.458Si0.021Zr0.057,0.0,0.0572454036358309,0.0,0.4575543771775815,0.0,0.1305361485624551,0.06626496398947516,0.2673452749429467,0.021053831691710562,2101.6052544974323,0.260140920760646,1.087861684384925,-0.24617484155869418,1
C0.138Hf0.088N0.369Nb0.094Si0.025Ta0.180Zr0.105,0.08825576859431704,0.10524260187886612,0.17994596017468067,0.09418913740009739,0.0,0.13821085941304043,0.0,0.36898615144925856,0.025169521089739733,1954.7454865653885,0.1841493518211799,1.3282482069514683,-0.39067114889487353,1
C0.234Hf0.061N0.363Nb0.015Si0.290Zr0.038,0.06082650960072593,0.038077666306516024,0.0,0.014531954162812909,0.0,0.2337109571838402,0.0,0.363001729338199,0.28985118340790594,1704.87868831707,0.5919373388761258,1.03803344157518,-0.16621559355064153,1
B0.056C0.188N0.534Si0.111Ta0.112,0.0,0.0,0.11171138219999519,0.0,0.0,0.187854345962873,0.05617262030307897,0.5337173833759693,0.11054426815808355,1464.1184378244263,0.36425432325804563,0.9937824657771347,-0.2261607094454232,1
C0.061Hf0.457N0.276Nb0.059Si0.059Ta0.015Ti0.011Zr0.061,0.45676045808994487,0.061432511367903064,0.014983810772102727,0.05915934696327693,0.011196888302608949,0.06128613386378288,0.0,0.2759760647394604,0.059204785900920154,1899.6023823360276,0.22385610992744362,1.0901402020921889,-0.44994168023819037,1
B0.067C0.282N0.016Nb0.064Si0.349Ta0.158Ti0.035Zr0.029,0.0,0.028612667869710364,0.1578926969659544,0.06448561467192047,0.035269291084055895,0.28151299748294484,0.06726005649879548,0.015567746201218723,0.34939892922539983,2691.316402829651,0.7456669777655288,1.1528256002029105,-0.1619239716071581,1
B0.123C0.181Hf0.468N0.174Ti0.054,0.4683161299055666,0.0,0.0,0.0,0.05392623857381846,0.18058051034353734,0.12349269563883496,0.17368442553824262,0.0,2339.7433970729085,0.34093386155201044,0.9343462636164444,-0.2740974666807101,1
B0.037Hf0.052N0.038Nb0.017Si0.188Ta0.056Ti0.612,0.05215976338850329,0.0,0.0555762076291807,0.01742625694169549,0.6120049836313117,0.0,0.03732666548065415,0.037797039338816854,0.1877090835898378,1956.6379032288341,0.45339332224851336,0.846121769086397,-0.23361524804164313,1
B0.057C0.023Hf0.046N0.234Nb0.435Si0.139Ta0.039Zr0.028,0.04580967659222432,0.027535529648728598,0.03902017638936794,0.43470805166248727,0.0,0.023226348025511472,0.056575196265587414,0.23404296562319465,0.13908205579289842,1977.738387714092,0.42483626170530564,1.234901742161268,-0.2405174294377881,1
B0.089C0.040Hf0.681Nb0.102Si0.074Ta0.015,0.6805031299866506,0.0,0.014824184665990895,0.10200910234109245,0.0,0.03972786008052201,0.08897851949037199,0.0,0.07395720343537203,2542.451382628623,0.3084157790571833,0.7339117031751097,-0.2107317794285808,1
B0.064C0.131N0.546Nb0.020Si0.020Ta0.119Zr0.100,0.0,0.09990702332759643,0.11864047124904162,0.020102537618660724,0.0,0.13144854286867425,0.06384771900181152,0.5457805937527848,0.020273112181430727,1439.1479173151358,0.25318012297454495,1.0885470845757044,-0.21535335627300523,1
C0.327N0.050Nb0.091Si0.388Ta0.103Zr0.041,0.0,0.041409417998703735,0.10284103329057742,0.09078330909806051,0.0,0.32710336406786483,0.0,0.05017762521545505,0.3876852503293383,2616.255357863456,0.7265820645125908,1.0373402066024542,-0.20693961190545274,1
Hf0.486N0.082Nb0.012Si0.035Ta0.178Ti0.088Zr0.119,0.4860656278038654,0.11901152433612275,0.17802818400974224,0.01218351582148402,0.08811480758074246,0.0,0.0,0.08208633536638982,0.03451000508165334,2332.962702804456,0.17572272958019639,1.0683248358670518,-0.25911467051597437,1
B0.096C0.017Hf0.110N0.279Nb0.175Si0.139Ta0.023Ti0.039Zr0.121,0.11038411366974156,0.1214222998807399,0.023380525229736573,0.1749066490386915,0.03924473511487286,0.017240269827033687,0.09600160822121846,0.27886744304875843,0.13855235596920704,1741.314161456498,0.4747888396696184,1.419535974655308,-0.37727256206894766,1
B0.083C0.099Hf0.017N0.306Nb0.031Si0.029Ta0.273Ti0.067Zr0.093,0.017444384538731216,0.09323463992724211,0.27322037773513513,0.031361143550939614,0.06720913029939692,0.09899079621328871,0.08348016857259333,0.3062264451384455,0.028832914024227493,2050.1761208953526,0.29142751727921135,1.3863086026508609,-0.16712546331719325,1
B0.047Hf0.133N0.473Si0.037Ta0.204Ti0.038Zr0.068,0.13311400162296186,0.06784143676647932,0.20415767536922746,0.0,0.03787799126282336,0.0,0.04734823660692947,0.4730116404027274,0.03664901796885114,1455.0828484307813,0.2519335651630574,1.1721494297750483,-0.3444087392227986,1
B0.106C0.198Hf0.111N0.212Nb0.107Si0.061Ta0.095Ti0.011Zr0.100,0.111122688464404,0.09995373334518068,0.09514504313251591,0.10710314656638091,0.01119189342923201,0.1975198965570982,0.10569179521717122,0.2116153181103381,0.0606564851776789,2291.748880921094,0.37248031397625525,1.4678004704220848,-0.16903575646399083,1
B0.011Hf0.018N0.844Si0.049Ta0.034Ti0.045,0.01757780425734651,0.0,0.033628259110027266,0.0,0.04529392026096378,0.0,0.010813325721417947,0.8436636036224774,0.04902308702776709,415.66699658181534,0.21882423493715622,0.5397597249958748,-0.17761177041379161,1
B0.118C0.014Hf0.377N0.208Si0.024Ta0.117Ti0.071Zr0.072,0.3772477687575548,0.07158105106355678,0.11700783522161669,0.0,0.07054301511629438,0.014176761752592203,0.1183092981258882,0.20756041475492953,0.023573855207567586,2023.616311766146,0.3458998251948441,1.2073141012416813,-0.42684489659055735,1
B0.041Hf0.120N0.304Nb0.020Si0.205Ta0.230Ti0.037Zr0.044,0.11950395192748568,0.0444443305348387,0.22988974791483882,0.020087708983334056,0.03697742389610985,0.0,0.04085650018756265,0.30363804786547394,0.20460228869035635,1751.3686915152111,0.48130258921192826,1.314605616748927,-0.2677135026381632,1
C0.011Hf0.658N0.065Nb0.013Si0.106Ti0.011Zr0.137,0.6580376401879872,0.13736206027450076,0.0,0.012583858889226189,0.010682723805141387,0.010923205948763184,0.0,0.06473022035703264,0.10568029053734862,2233.6902009063397,0.3035333883999124,0.7581452901877767,-0.40357118158278427,1
B0.073C0.180Hf0.132N0.225Nb0.121Si0.227Ti0.042,0.13170896794496476,0.0,0.0,0.12106664081331077,0.04164504233551673,0.17994415304873085,0.07329144957596997,0.22525014520740666,0.22709360107410034,2023.3284483807768,0.5777173782905921,1.3015159254401636,-0.3023592732706293,1
Hf0.667N0.080Nb0.052Si0.130Ta0.059Ti0.012,0.6669944438867237,0.0,0.05921732589574075,0.05224996865197501,0.012055047073211414,0.0,0.0,0.07958061821683836,0.12990259627551076,2258.672726258634,0.32545504117730306,0.7764122620420962,-0.30489960536306504,1
B0.053C0.018Hf0.768Nb0.038Si0.060Ta0.019Ti0.031Zr0.014,0.7675560812036112,0.014045078688752618,0.019405063296999994,0.038258265966094294,0.030667831728907035,0.017640053892832203,0.05282577330072625,0.0,0.05960185192207647,2485.1764699305395,0.2265907968072622,0.6446637993765117,-0.2531325531914175,1
B0.033N0.343Nb0.309Si0.133Ta0.113Ti0.069,0.0,0.0,0.11320497633037165,0.308816676964349,0.06901722683904482,0.0,0.032912560987983286,0.3432153542438092,0.13283320463444206,1683.481475329318,0.36095381326090403,1.2158404256877353,-0.45610519291875784,1
B0.088C0.109Hf0.020N0.513Nb0.102Si0.169,0.020301299052120525,0.0,0.0,0.10172544401481413,0.0,0.10862467052956938,0.08771708025017375,0.512584532317977,0.16904697383534514,1278.3549947929534,0.5169438857387237,1.0631902540630231,-0.21958790687306817,1
Hf0.032N0.477Nb0.119Ta0.186Ti0.172Zr0.014,0.03216708264928324,0.014404257629210559,0.18603443985088483,0.11896550044927758,0.17165621196085162,0.0,0.0,0.4767725074604921,0.0,1425.174881009049,0.1403377253412835,1.1105116627832279,-0.36330971590850725,1
C0.016Hf0.023N0.326Si0.018Ta0.060Ti0.546Zr0.012,0.02303124410374212,0.01160143862371162,0.05957679657966734,0.0,0.5457881298803068,0.015820387486594218,0.0,0.32613561180613176,0.018046391519846182,1457.6129412938883,0.17520779761540348,0.8336822786757893,-0.1812172483034864,1
B0.023C0.036N0.094Nb0.239Ti0.591Zr0.018,0.0,0.017697340929984835,0.0,0.23882782427486954,0.5911490472623419,0.03590962663070291,0.022845738354534396,0.09357042254756649,0.0,2041.1679868993967,0.17673005922166415,0.8271678061004921,-0.18907628640920482,1
B0.012N0.350Nb0.145Si0.144Ta0.260Zr0.089,0.0,0.08859718383873204,0.26024672934443027,0.14519762899056035,0.0,0.0,0.01188850684345839,0.3498786381283752,0.14419131285444375,1763.856312389107,0.3588615567372738,1.221120009824981,-0.3267731088604737,1
B0.026C0.012Hf0.140N0.309Nb0.061Si0.183Ta0.167Ti0.101,0.1401735147287729,0.0,0.167066677094882,0.06128381081458708,0.10116854916456028,0.012429968916637155,0.02566247455171965,0.30917942271503535,0.18303558201380563,1709.474447705411,0.4354065910538919,1.3532032008061545,-0.33549734390422303,1
B0.013C0.269Hf0.011Nb0.062Si0.432Ta0.065Ti0.100Zr0.048,0.011196736646965856,0.047582817877848904,0.06465233242859504,0.06205329090342995,0.10030513174868103,0.26863310431638737,0.013152462527400178,0.0,0.43242412355069165,2512.776463972867,0.7263142380901959,1.0612937265131968,-0.14645521417064278,1
B0.058N0.227Nb0.236Si0.194Ta0.025Ti0.154Zr0.106,0.0,0.10634456735472884,0.025309529225840406,0.2355685291386994,0.15370324786805253,0.0,0.05835450363986512,0.22657254407836908,0.19414707869444467,1754.6343178509292,0.4928925145306514,1.3141268484323598,-0.1822996929916867,1
B0.138C0.024Hf0.215N0.354Si0.131Zr0.139,0.21472945310722874,0.13924930041930983,0.0,0.0,0.0,0.023507193602548306,0.13821202183429304,0.35356979476323747,0.13073223627338262,1535.2349100604836,0.5526998046248943,1.1241856912983976,-0.44596947597505854,1
Nb0.185Si0.085Ta0.214Ti0.443Zr0.074,0.0,0.07368124846004141,0.21418898573111805,0.18485476556656502,0.442692814513561,0.0,0.0,0.0,0.08458218572871451,2371.782965381564,0.101303380030595,1.029328661011738,-0.16922438146465169,1
B0.025C0.068Hf0.078N0.414Nb0.051Ta0.111Ti0.239Zr0.014,0.07810390794076692,0.014007750270210548,0.11096557012371783,0.05127540085544803,0.23854994150579717,0.06839981463963116,0.024756947486462212,0.4139406671779661,0.0,1561.3301132729905,0.17356511479630096,1.2419644497452027,-0.22845667625344301,1
B0.033C0.131Hf0.121N0.391Nb0.011Ta0.139Ti0.173,0.12149731052538752,0.0,0.13918272637534185,0.011470602417807237,0.17304759410484655,0.13141407684185025,0.03282022315686444,0.39056746657790203,0.0,1768.6120597165614,0.1868800512407073,1.2258302937215506,-0.1356576792196904,1
B0.230Hf0.388N0.117Nb0.018Si0.027Ta0.073Ti0.134Zr0.012,0.387891448636948,0.012085830348625535,0.07262441467305168,0.01808470138895186,0.13430042740630135,0.0,0.23030185542314996,0.11748555320877098,0.02722576891420061,2144.0682554251134,0.49940584240107555,1.0881078086657103,-0.21439328964083404,1
Hf0.354N0.418Nb0.028Si0.070Ta0.015Zr0.114,0.35381782860598443,0.11440300295938047,0.015420284227429828,0.02809189832291623,0.0,0.0,0.0,0.4179375494809473,0.07032943640334173,1442.3987922999665,0.2446974619028471,0.9901705050591698,-0.4853019877099862,1
B0.205C0.018Hf0.460N0.018Nb0.035Ta0.108Ti0.046Zr0.110,0.45960152771883545,0.10997893779753609,0.10760803734809346,0.0350362315364846,0.04632273916324883,0.018477398840541583,0.20484973062367764,0.018125396971582317,0.0,2489.294558866853,0.44370428950212415,1.0357288198183072,-0.24180161645273945,1
C0.042Hf0.080N0.501Nb0.097Si0.281,0.07991004500866628,0.0,0.0,0.09659017748136764,0.0,0.04185695229465201,0.0,0.5011001608943264,0.28054266432098757,1140.4327093397355,0.5746599340105266,0.9680627248511904,-0.23400486189503855,1
B0.060C0.035Hf0.072N0.315Nb0.054Si0.087Ta0.173Ti0.039Zr0.164,0.07223319638023987,0.1637876664892272,0.1732919463706593,0.053749812840482386,0.03879376176192964,0.035463550365365144,0.060009969427431795,0.3152596084734352,0.08741048789122952,1814.8000333320954,0.3440885793619721,1.4472382114751992,-0.283249141668676,1
C0.211N0.246Nb0.451Ta0.037Ti0.055,0.0,0.0,0.036669600912261305,0.45091376080173673,0.05539714708332509,0.2109370834791263,0.0,0.24608240772355047,0.0,2300.503988032161,0.1526733860144356,1.0366185913926544,-0.18404805360252974,1
B0.042C0.010N0.285Nb0.100Si0.424Ta0.118Ti0.021,0.0,0.0,0.1182036218047175,0.10032806305703959,0.020641962974118515,0.010255163662004432,0.04213341375333004,0.2847028696295724,0.4237349051192175,1580.8889024994999,0.8133143589559676,1.089330713533048,-0.1864500757453631,1
B0.073C0.132Hf0.680N0.038Si0.017Ti0.021Zr0.039,0.6804001709746742,0.03906751684924647,0.0,0.0,0.02067510956849202,0.13204294014541607,0.07326846584654378,0.03783571524420585,0.016710081371421638,2609.2682702377388,0.27560235615352324,0.7400362229183144,-0.3228923595266229,1
B0.159Hf0.205N0.279Si0.016Ta0.023Ti0.152Zr0.166,0.20522263034208696,0.1655920761991677,0.02304180422476933,0.0,0.15203150849437289,0.0,0.15880479512530046,0.2789663188907426,0.01634086672356009,1691.9846844970616,0.38865617607267733,1.1819297569106972,-0.2621875386509842,1
B0.117C0.090Hf0.132N0.321Si0.168Ti0.141Zr0.031,0.1324070791751099,0.030617207694637015,0.0,0.0,0.14086172444356546,0.08959905511789791,0.11670715048719545,0.3213949877421527,0.16841279533944156,1612.2992408481132,0.5683144540665307,1.2489260787794239,-0.17470310507600617,1
Hf0.064N0.741Nb0.050Si0.069Zr0.077,0.06391001640203779,0.07657012401223065,0.0,0.05012203103666262,0.0,0.0,0.0,0.740670945932649,0.06872688261641985,673.6085104906933,0.2593851541495097,0.7417135161430324,-0.17667204957713523,1
B0.066C0.235Hf0.126N0.422Si0.048Ta0.022Ti0.037Zr0.045,0.12581132632169456,0.04469727383033301,0.022237601466203526,0.0,0.036729519516834355,0.23477305204670526,0.06584682868750968,0.4222596566295414,0.04764474150117814,1761.495036423336,0.3033124504776922,1.1925515437300707,-0.14042495876683203,1
B0.109Hf0.411N0.130Si0.011Ta0.148Ti0.059Zr0.132,0.4105244118544378,0.1322678127230732,0.14780362091779967,0.0,0.05904290267671956,0.0,0.10881550610597061,0.1304352216030496,0.011110524118949633,2207.587525616462,0.30582672863676685,1.1394681397937854,-0.4120955335695835,1
B0.014C0.027Hf0.725Nb0.052Si0.040Ta0.024Ti0.081Zr0.036,0.7253892173078185,0.03551302874871225,0.024353102865357065,0.052250542518590355,0.08149142181400913,0.026813351006594772,0.013848201495525982,0.0,0.04034113424339199,2494.622795550362,0.13923336258143512,0.7355297337575356,-0.21710116810592583,1
B0.029Hf0.668N0.147Nb0.047Si0.032Ta0.037Zr0.041,0.6677373318298345,0.0408893483313015,0.03713754849886229,0.04658213761286154,0.0,0.0,0.0291211656792553,0.14692050734796167,0.031611960699923114,2147.8988134197084,0.2155671318695637,0.8119329304568683,-0.3231477367864324,1
B0.205C0.271Hf0.030Si0.386Ta0.060Zr0.048,0.030203469773143806,0.04809324902140252,0.05987570988414777,0.0,0.0,0.2712067325514991,0.20454697190491594,0.0,0.38607386686489076,2564.802137190295,0.9637401443218528,0.9420909085374084,-0.1658245391275912,1
B0.035C0.042Hf0.017N0.097Nb0.100Ta0.203Ti0.451Zr0.056,0.016662997919462127,0.05637269162952559,0.2028738585061983,0.09963746232627857,0.45084884338696224,0.04235566483618277,0.034695803560132375,0.09655267783525799,0.0,2241.2431302523305,0.18847339890680623,1.1777557249436148,-0.21892666690202622,1
B0.039C0.072Hf0.172N0.221Si0.176Ta0.092Ti0.023Zr0.206,0.17174077605528035,0.20558063850937605,0.09208706082351067,0.0,0.023035336819092464,0.07203892801610971,0.03915524989084524,0.22079701240931232,0.17556499747647322,1943.7382254238858,0.4551554662456381,1.3459375633900654,-0.2149792185518966,1
B0.132Hf0.269N0.307Nb0.128Si0.017Ta0.061Zr0.086,0.2691800188279122,0.0856410186526789,0.06136916272295298,0.1279825015881261,0.0,0.0,0.1320339332516315,0.3066627757002915,0.01713058925640682,1791.7097253597558,0.34821422606285357,1.234712835965869,-0.5594981318974397,1
B0.192Hf0.147N0.204Si0.138Ta0.060Ti0.170Zr0.089,0.14651980409178356,0.08884234874170703,0.06006717448573266,0.0,0.17045071043855495,0.0,0.19202693159174716,0.20374834180579768,0.13834468884467688,1797.5193917714666,0.6214951139540227,1.2769403954230205,-0.22820791565095355,1
B0.074C0.046N0.318Nb0.171Si0.108Ta0.209Ti0.011Zr0.063,0.0,0.06288262153433663,0.2091656592167543,0.17073185173704825,0.011496561924250956,0.04591452655837841,0.07419465106728089,0.31789109848158814,0.10772302948036257,1892.4537380643753,0.3935550200007011,1.3818063214462928,-0.442156266871915,1
B0.034C0.072N0.194Nb0.262Ta0.010Ti0.410Zr0.018,0.0,0.018174988362791203,0.010386034716030886,0.261864358771663,0.410323083726071,0.07211283571708538,0.033578198232682994,0.19356050047367557,0.0,1962.0138803818306,0.18620466781037112,1.0771187959330393,-0.1774375959515775,1
B0.032C0.062Hf0.190N0.361Si0.072Ta0.115Ti0.168,0.19022479087681343,0.0,0.11533185000319371,0.0,0.16780192765640764,0.06163694620527939,0.03228964925213171,0.3605274537655597,0.07218738224061444,1658.6535461375038,0.288226643636467,1.2623217660022479,-0.2507294029513152,1
B0.044C0.060N0.118Nb0.288Si0.025Ta0.082Ti0.383,0.0,0.0,0.08217477598595918,0.2876922310955578,0.38266404865548764,0.06045775415049272,0.043567232046969995,0.11821419503939606,0.025229763026136505,2193.8653845492204,0.21770737325680592,1.1724360757400252,-0.224247303409554,1
B0.019C0.098Hf0.140N0.483Ti0.040Zr0.221,0.13996420476113386,0.2207052957910973,0.0,0.0,0.03985108331176967,0.09766029659594853,0.018709794237751286,0.48310932530229944,0.0,1437.8386650600953,0.18778419817546835,1.0344067088846778,-0.18685455227326586,1
B0.073Hf0.050Nb0.112Si0.023Ta0.049Ti0.693,0.04967764895225939,0.0,0.049065275310236287,0.11198679968353653,0.6934536585233634,0.0,0.07284513580140374,0.0,0.022971481729200768,2149.7403080432723,0.1436093038976563,0.7315053906244059,-0.23132563584977683,1
B0.013C0.015Hf0.092N0.131Nb0.039Si0.042Ta0.027Ti0.618Zr0.023,0.09230795485413226,0.023297847641627924,0.026880493848946547,0.03925116088586905,0.6183940830277519,0.014539706893270544,0.012559725388505527,0.1310207081971756,0.04174831926272061,1846.7502964056143,0.2044199603608193,0.9376354909016058,-0.1903055578557582,1
B0.102Hf0.358N0.084Ta0.133Ti0.258Zr0.065,0.3583282073988017,0.06461204007047848,0.1325889880425551,0.0,0.2583354097354369,0.0,0.10223384086166713,0.08390151389106072,0.0,2223.5141523057846,0.2968411215853787,1.09944098907005,-0.25622211259315586,1
B0.043C0.084Hf0.237N0.193Nb0.016Si0.034Ta0.160Ti0.023Zr0.209,0.23704990022690148,0.20931562408860555,0.16047071578282643,0.01606162015176125,0.023106288214242626,0.08436084460838757,0.043390039717698316,0.19273235473940192,0.03351261247017469,2208.6702042072507,0.23831187166578957,1.363701440886144,-0.27070845698787505,1
B0.064C0.068Hf0.060N0.214Nb0.364Si0.192Ta0.014Ti0.023,0.05970970789675766,0.0,0.014326679859732926,0.36444052563014645,0.023146355135022032,0.06804378160235194,0.06442631999905062,0.21390256426393456,0.19200406561300384,1999.8836411956481,0.5070050846236857,1.275773072096441,-0.22283655693422544,1
B0.078Hf0.015N0.332Nb0.064Si0.253Ta0.137Ti0.013Zr0.109,0.014802316888769429,0.10860105725379302,0.13696821816404986,0.06364736162576982,0.013382376112845689,0.0,0.07770680967499695,0.33220641299223347,0.2526854472875419,1579.476646900218,0.608702791338858,1.2778837393700477,-0.25932003810473203,1
N0.146Nb0.291Si0.039Ta0.342Ti0.182,0.0,0.0,0.3423610286372828,0.2908542441993569,0.1820315029949046,0.0,0.0,0.1461649581148862,0.0385882660535696,2355.89320968522,0.1896008489284405,1.1493919686253042,-0.1528698766347425,1
B0.073C0.045N0.423Nb0.134Si0.157Ta0.034Zr0.134,0.0,0.13363129989769504,0.03396655723560683,0.1344400978448054,0.0,0.04470947236471072,0.07316340167145978,0.42323972836047435,0.15684944262524791,1446.7646774450093,0.4720181426447432,1.2338077068403088,-0.20503281641959692,1
B0.212C0.102Hf0.225N0.255Nb0.086Ta0.087Zr0.032,0.2249498926941152,0.03209429103659451,0.08707738344256712,0.08626723486962558,0.0,0.10176875786844418,0.2123916190251373,0.25545082106351613,0.0,2095.408994941509,0.4659084213171055,1.2509621876608648,-0.31499546372898246,1
C0.325Hf0.127Nb0.030Si0.381Ta0.094Ti0.043,0.12728832788033148,0.0,0.09364131230156107,0.02972166442939503,0.042976624113984264,0.32513500300845355,0.0,0.0,0.38123706826627474,2738.8648966086953,0.6345072410494902,1.0011744833153224,-0.15191806707848365,1
B0.033Hf0.255N0.491Nb0.053Si0.101Ta0.014Ti0.054,0.25528832827961245,0.0,0.01360867388431338,0.05306643868608393,0.05382619943503905,0.0,0.03284814628231354,0.4906225513217701,0.10073966211086773,1219.8204892882063,0.3162214112325473,1.0654465260857267,-0.3081386611848358,1
B0.157C0.011Hf0.215N0.179Nb0.074Ta0.159Ti0.032Zr0.174,0.21505453418495188,0.17390664527707958,0.15904394895692925,0.0735849181429087,0.03201682700827113,0.010542945981412314,0.15650560912653516,0.17934457132191198,0.0,2143.6600804973446,0.3711881072564104,1.3303822202735418,-0.27652274029075685,1
B0.084C0.057Hf0.032N0.247Nb0.053Ta0.104Ti0.369Zr0.055,0.03152234391301045,0.05475868112699934,0.10430355770171018,0.05294645168343924,0.3689758874205774,0.05662552530938507,0.08391779181175195,0.2469497610331264,0.0,1849.2919646102735,0.26230638128423556,1.2551699545201145,-0.19244065757365192,1
B0.012C0.021Hf0.050N0.817Si0.091Ta0.011,0.04967847385983592,0.0,0.010651485879900535,0.0,0.0,0.02064333862874826,0.01152013060306387,0.8167010037166514,0.09080556731179994,482.6112013967965,0.29111851131280986,0.5716892699834649,-0.19723414375795412,1
C0.190Hf0.014N0.303Nb0.063Si0.322Ta0.016Zr0.092,0.014207216584989961,0.09178709796770074,0.015707530367817673,0.06279610640374755,0.0,0.1901036428644075,0.0,0.3029654167791839,0.3224329890321526,1773.6462622622707,0.6300445537347993,1.1399440800063458,-0.172306293318496,1
B0.035Hf0.015N0.244Si0.123Ta0.019Ti0.459Zr0.105,0.015475899690101288,0.1053793177323872,0.01873190201004559,0.0,0.458514420256254,0.0,0.034987094809118366,0.2442356143554958,0.12267575114659782,1540.5952279693684,0.36243195223296076,1.0236342313836324,-0.20870591034378694,1
B0.159C0.077Hf0.479N0.024Si0.176Ti0.085,0.479046387453911,0.0,0.0,0.0,0.08504764877137115,0.0771076171362827,0.1590642838105184,0.02406648415172832,0.17566757867618854,2361.7469810615144,0.63729888972146,0.9323633455731948,-0.22399818214905842,1
B0.016C0.043Hf0.146N0.551Nb0.020Si0.020Ta0.075Ti0.020Zr0.109,0.14618392847953582,0.10948154354242196,0.07497742146898523,0.020207130408149476,0.01952239494541084,0.04287067750544732,0.016325623014109412,0.5506140762893628,0.01981720434657708,1267.6282975345196,0.17717213442500981,1.1432205560848239,-0.3959773142042884,1
B0.173Hf0.565Nb0.039Si0.081Ta0.142,0.5650629479957522,0.0,0.14214354740628676,0.03858970724021252,0.0,0.0,0.17335931998604112,0.0,0.08084447737170761,2533.427389527904,0.3887084892963889,0.823244448310153,-0.1683360892305359,1
C0.172Hf0.057N0.086Nb0.297Si0.225Ta0.129Zr0.033,0.05739374419549248,0.0330563694935066,0.1287122174505176,0.2974097923678718,0.0,0.1718657938493406,0.0,0.08618844355946242,0.22537363908380867,2529.1922465736234,0.48445552881228326,1.3168413513052981,-0.2428416807797733,1
B0.199Hf0.110N0.471Si0.075Ta0.021Zr0.125,0.11006782837184935,0.12476338469863704,0.02072310780807633,0.0,0.0,0.0,0.19877728813058573,0.4707067966942003,0.07496159429665122,1280.24684917913,0.5500567639271842,1.0394833374503711,-0.17085620233002574,1
B0.045C0.023Hf0.555N0.201Si0.030Ta0.013Ti0.132,0.5551116636051572,0.0,0.013205129163100507,0.0,0.13190561881598362,0.022778075426191556,0.04535453424374179,0.20127787279167472,0.030367105954150615,1961.315806265566,0.24509355669418634,0.9076776001054735,-0.3472534593779284,1
B0.064C0.036Hf0.520N0.055Ta0.063Ti0.026Zr0.237,0.5196002260121461,0.23707264178024506,0.06346615992252254,0.0,0.025557091794189187,0.035720472062052734,0.06369488312039331,0.054888525308451154,0.0,2381.4212177515305,0.24471008228291583,0.9486902778507226,-0.44269215122738803,1
B0.028C0.020Hf0.128N0.529Nb0.203Zr0.092,0.1281647926276385,0.09228020616148619,0.0,0.2027485110610249,0.0,0.020343141582494704,0.02791546692663003,0.5285478816407257,0.0,1295.3830782778584,0.19910634150688758,1.0370135023737943,-0.3486727397150038,1
B0.056C0.065Hf0.267N0.091Nb0.145Si0.215Ta0.112Ti0.021Zr0.027,0.2674613630398708,0.02680992058439354,0.1124259381572939,0.14453364160358156,0.020802280195010944,0.0650386909149827,0.05609594268973785,0.0913340751831631,0.21549814763196573,2308.2373104857234,0.5303490288665355,1.3908406963540405,-0.17851216026278838,1
B0.087C0.057Hf0.063N0.031Si0.132Ta0.088Ti0.432Zr0.110,0.06301029966163835,0.10957521061507751,0.08843621078650836,0.0,0.43169611841679373,0.05691678839500303,0.08709734597957788,0.03148580117321981,0.1317822249721814,2176.6970004408013,0.4613944516222993,1.1730706270528815,-0.1909866627828607,1
B0.073C0.033Hf0.214N0.260Nb0.109Si0.202Ti0.073Zr0.036,0.21358850143556077,0.036127967261362026,0.0,0.10879601255388789,0.07289186956020675,0.033183065732354196,0.07331059959533266,0.26019381589095475,0.20190816797034103,1724.774922792773,0.5428259774251932,1.3315452710006772,-0.306892505070264,1
B0.083Hf0.012N0.560Nb0.044Ta0.061Ti0.181Zr0.060,0.011576517182191347,0.059964249106607706,0.06066606988235778,0.04418933334917924,0.1810540149681254,0.0,0.08261679498684874,0.5599330205246897,0.0,1089.8374220263033,0.2509442063382785,1.0450049303512463,-0.23451076899215484,1
B0.013C0.024Hf0.624N0.010Si0.057Ta0.158Ti0.052Zr0.062,0.6236488066851592,0.062020007218739896,0.15840920986622634,0.0,0.052350089025336465,0.02415072561327998,0.012545780138618744,0.010226628774284935,0.05664875267835434,2551.7088294283503,0.23686689442012007,0.8780129569782253,-0.25123126581860555,1
B0.062Hf0.084N0.563Nb0.154Si0.017Ti0.058Zr0.062,0.0838342649271716,0.0622527372274916,0.0,0.15427690702656705,0.05769733084603085,0.0,0.061763431571278886,0.5634317911179718,0.016743537283488093,1120.080022163719,0.2410084621632774,1.084287432841294,-0.36179065201587846,1
B0.088Hf0.058N0.085Nb0.051Si0.225Ti0.387Zr0.107,0.057948363648354796,0.10675045380729054,0.0,0.050677134888144626,0.38650399581849365,0.0,0.08848894768237352,0.08466795140735996,0.22496315274798293,1862.169590445863,0.5934261595266617,1.134234189983151,-0.1837901240339328,1
